id,name
w_01JEV6EHGBDD3D26BH24QA94EB,Talkbook (Production)
w_01JR93KYN4S2GSE8AX91652264,Acme
w_01JRHV6ERQNM35KQ63DDKCY0ER,Journeybee
w_01JB1X3Q0PNSQF09AJX2DK021X,Turn.io Support
w_01K9PKZTTB273BBFCR8PFMFB6B,Plain Demo
w_01KB2FKGV2NQW3BR6PWD93M3MS,Plain Demo
w_01JR82FE5D9KFF6VANH22P30HP,Gradient Labs
w_01K5GKFGSMQ1RJXHRD141ME5YA,Medendo
w_01K8M0WVGCXXPMTHFVTHP5NSKV,MIND
w_01JQY8WHFKY33PC996CMQW6KJ4,NewForm
w_01K3SGWE8891BQWDQNBT135BX4,Blacksheep
w_01K30NQDZ11PGFHYFDSZYX2EGC,Circadian test
w_01K9QTBHNS3FF6QP6PDJKQ1VJX,Dev
w_01K9MY27QNKB10D8KXZWBJX8SX,Le
w_01KGKSCHG49ZGY3RY86JBS6YWB,ImOrius
w_01K8NC6MFTJ6Y2EMQQWWRHE39Z,Membrane
w_01KGM1HG45VDRAC8K4HQG2K6HX,Troo-Main
w_01KGM78C4WVPRDTQHJEAHJ14GP,gfgkjhjk
w_01K9QJ3J95XVNM27DZXTZ1JGWA,Trust-WeaveIn
w_01KGNS8C1WM4N958YRV4214H2H,yelpix-team
w_01K9M9TD8N8A0TCKR7X3MGDJ18,WLL
w_01K8HDER84ZJ1YGD6ARJS95GCW,Agentova.ai
w_01K9N4H7T5XBSSXCPC018VEA7N,Plain Demo
w_01K8N9YDCA0VVR5KTJJ9AZ6X5V,Slack test
w_01KGPV9RT0SB37J7AR6CXRY8CC,Simon (test)
w_01JMT93W8F22KYX9X1TZT7HJ8J,RaffleX
w_01JJM796BEVYC1NTEEKRNHRWH0,Plain Support
w_01KGS9EDNBDDDKF06DCS05GFWX,Test Test Test boio
w_01JR8ZWQHEX47Z72WQRJ0Y3M7M,Same
w_01KGSWJ810Z86KEG9FXABNCG1R,test
w_01JRBXEJA0GJVC4J5EM84V3945,Endless Commerce
w_01JQCF3SW2YC7B1ZGJDY8WQQEZ,Dash0 Prod
w_01JRSNFDGB6DPVV9FCGJKE0MXV,Choose
w_01HSYYP126N3TRSN1C28D0QZRT,Demo
w_01KB9MRJ14CFRH0FHXE2GCYZD9,Xenett
w_01K8QWNGKFYJBXZC5GZQC6TNXB,TicketingHub
w_01KFXBQ0J289XA5CBHKFH7BZVQ,ASDFHGJ
w_01K5HPR3K98W8GP91JS04PY9WJ,Duckie (prod)
w_01JQVGV4VCP1MBDK7TKB39P2T3,FiredUp
w_01K3HKXRM3TCRKX16SHQYJJ7DX,Sero
w_01K2Z9HVZ54VFHYG3B4GCRNPS7,CS Internal
w_01K16MGZ0M7DPZSFM6A8BVFT2E,Joe - Prod
w_01JNSXG434GX7DEERKBXTEW77Z,LoadForge
w_01JQYBX66CF81W7NDP3W5PPB3X,Nextvisit
w_01KFZ9XY3NEAHZ3ZZPP5SZQJAA,Chocolate wonderland
w_01KGM78DWERDKJQ3G8Q35ZKS3S,gfgkjhjk
w_01K9Q5SHE30W0WVXDVYJ79YGTG,Arches
w_01G8186BFBS6GJHCFKKMBBK6VF,Subset (Prod)
w_01JDHWT66JNR7WM8008D8YC5GQ,h2ok-innovations
w_01K8Q63WXNHF4BJYR5C71EXQR6,Sasiqi
w_01KGYRHXZA6033722T7YE8EE31,PB
w_01K8JWY69SBFNSH5TT8QX3TK3S,EasyBiz (Production)
w_01HZ0961YN3D2W0HYHQKPHCHBV,Voltage Park Support
w_01JRN8Z5KKWN6M4ME0K3QTM65J,Motordil
w_01HP1EXMTS4YQ6VKSVDZTT2B9V,Supercycle
w_01K8RNT76NPYNW1DFQEDMK2GZQ,rebase.energy
w_01K8QX3SWVHWJ5K3D4Q28T6V6H,Stephen's Test Space
w_01K8RAC18QA8C47D8HFBW1SW47,AstraDiem
w_01K8SDJP809V29XDASJSZEJEXY,Test1
w_01K8SFCVWMVPG8GEN1WZZ0Y8RN,Sero
w_01K8TJ4B3CVDV0RW8BVVYGCR9D,Plain Demo
w_01K8TJQC1687N3BY1ZVP32BT1M,Plain Demo
w_01JP7DD3ZVDXARBBHHZ38GFG93,Intento
w_01H4QPVDA4J76YTHQ7XQEGAE72,Namespace (prod)
w_01HC0P3A1PRNCVCSKFQBE2HK11,t/a Hyra
w_01K9T4Z6V48873Y6YH0AD51G2E,Yolando
w_01K8JTF7DP106M7P93M98DC4V0,Debut
w_01K9VHFWF57NTHCQ21PS78S26J,Plain Demo
w_01KBB8498EDPG42K34TVYHZWY7,Sales
w_01K9VQAEJWAAM3B0RS1X0BZ2CD,test
w_01JSPBS7HR11R00GB0C5GN1GXQ,Definite
w_01GB88V0QG6Z0CZQN1SVZ8GWJM,Main
w_01K9TDX14KQ55C1J1WB6AY0W17,Michael Onboarding
w_01K2ZXKSP85E781FHNA1TXTN0P,calcs
w_01KBPNW7DVXV4B701Z5PW8AQZ0,there
w_01JRJ6GPHWDX9BTY39MGXXZ9FD,Gladia
w_01KFZKSJ5NJ92W4DZ5FRGZ0CEQ,myekram
w_01KCMKDA75EQGQ9MCWP5B6DS6S,Kamin Support
w_01K8RDSPS4GAW267XSD0SAJ22T,customer-support
w_01GTJTANBJ774CT30GPXKC97AQ,Finta
w_01KGB1GZ9N3PC0QFEDMJA0XRSM,Light Labs
w_01H78HEQQGCKB02XN2K49ZNAP5,Integral
w_01K15YZE3GBKW29BH5H0SDE2D0,work1-anshv020-int
w_01K8TJ5BGB7N4EHDVRSSKFNR50,Motordil
w_01KGNSBXP3N08W5Q2AR2J03ZB7,plaud
w_01KGZCJV8RYX1ZY4AT4CQQQ8KQ,name_internal
w_01KGPFRV889HT260ATC0RPMCCM,KT-KB
w_01G94MYMHBRWVQQP2M4MACB0C1,fantix-prod
w_01GGQW5MEK8YB7AH6WTJT8P0KD,Distro
w_01K9QANZ33C7765SQ39FJHG0HK,Vectorize
w_01K363B41Z56V9KBBVTKZSK2N0,User Guide
w_01JRYXEDAH17KXB4TX3KZM0KPP,Ellipsus Staging
w_01JGMF3DT7HPVMBGDMKNGGTZQB,Turnkey (internal)
w_01K8VNCASBYQ2N4EKZ0EJCVA9P,Unto Labs
w_01K352G08D2XBES1D2YYXC7RVX,Systems & Smiles
w_01HPQW4RVPX3ZBDNNSJ60QQNKY,MotherDuck (production)
w_01K8TJQKZ218YPKVGAES19QEGF,Plain Demo
w_01K8VDTGK66WVRB29MWSTWXJCE,Dosable
w_01KBYRJGBYBKX924QEQ0RYRRYQ,Ingrid
w_01K2ZDYEB0TWGT9HMAW1K58AQX,Trilogy Studios/MC
w_01G409K3WBVA3DR9HXBZZY7EB5,Coverstories
w_01K8Y3DGC4N29H9VW9VXXH44G6,CrewAI Support
w_01KG5VDXBTMCZ7Y7WV1THZEMBF,La littérature n'a pas dis son dernier mot
w_01K39E5DZ1X3JNPSMQQYE7Z0B8,Gareth
w_01K5F95J4NWP2KKYY411M78M0F,Dara Test
w_01K9PEG8ER5CQ7E6KTDXZGWW7V,Good morning 
w_01KBB8WMRSTXCKGGBKQAW08BSZ,Java
w_01KGYVAE1EB9YBVHG8NNED7BCD,<h1>0xProfessor</h1>
w_01KGMD8WTNEA1BRR2Z1K15BN0E,Kaelio
w_01K9VVPN34JX8XTJGM2H2R7ZR7,Plain
w_01KGPV9XVJTERHC47FQ7P04P7N,KJ
w_01K1Z54C3F564WFGNXD9JY1J1F,VetyFinder (Development)
w_01K34JJQVE3WWZZZG1PGWKER4P,Acme Co (prod)
w_01KA07AB41PRQADSG5FEX5T858,Mehdyaboali 
w_01KGT463PZ2HNNZ95X3VQCBNAE,wishu
w_01K8YE69YZJ8DC8GKW1N0XYB9K,Alude
w_01K8TMQ22GNBQBZWF93SARP7M6,Plain Demo
w_01JRFSRQD1CX8T8PF33V68EMXA,BackPac
w_01KGV81MWFYRGSXXJCM6Z6AXQ2,Elshaer
w_01K8VDY4ERTASAMDRXJY6TKTCQ,Dosable Internal
w_01K8WD4Q77ZGJME6TGKXR58JEC,VP Plain Sandbox
w_01KGW0YTAKBPEK20HYNFEBN7ZK,<h1>hackers</h1>
w_01K8NSZAJ3KJYVYRBT6DMN3T81,Async
w_01K9YMK4FD7ABB1RM5DK7B4433,Geofund
w_01K8YBZ44NNK0WAHW0FE05X4K4,test
w_01K8X6KSRQ2RK4271QBZHKVY1E,Atlar
w_01K8X8B0T1WKVD6X3DET9N108F,Plain Demo
w_01K3792AYWK72B7CA0CP02SJ6B,Visible B2C
w_01K8Y7WWP8JARQJG9J7D0C4TKJ,CHOMPUSANG
w_01K8Z56TM29C57FH48QSX5H03V,AB Test
w_01K94BZJWBBAS8HRTCMJTRET3F,fgh
w_01K969322HKE59SNAN0NNDY986,Airgoods
w_01KC6V1VYQ7F53SRRWZGX52JHM,Andres
w_01GCHESKVS7NCSXWMMBJ08ZKV0,Seed
w_01GHDR0S1TWHT30JG3V642TDRF,Receipting
w_01KG8931GJCNCZ7F88RCQKVVZQ,click
w_01K5VBDNDSC7GPT8SH5FP2ZZ10,signed
w_01K9PMYRD075PWKVJ9XVY5Y7SV,Formbricks Cloud
w_01K9857QNCS58E5A4NDH3W2C31,LOOP Testing
w_01K4P041QTEBH29R2WKWVT8AM8,Stardex
w_01K2QB3SPKXW7RV0294JCR5BQZ,CheckSammy (Production)
w_01KDPJMQ7EFEZZ2WVNYDSBK1EN,LEC Group
w_01K39H7MZ635H2RHNXQBCBS4GT,Alwy
w_01K978QGMQVVRHET81QQNBJTR0,Plain Demo
w_01KA090KS46VBFEX5TEFB7P86R,Green line
w_01K39MSJH2B53TGNM43ZW9YDZ6,Treeline
w_01K3DQDW5VSAD7DQM6SX4K8JY9,Farmlogx app support
w_01K95W6FYRCB067QFSZVMW6TF3,Cursor Sandbox
w_01K99M5T8TPHAD75DCNTXX49X3,Encore (production)
w_01K97F358CNHPKTRNDT5TQABYR,Elizavetaip
w_01KGMJ8J37R4A1TJF4G46FBCWQ,Stables
w_01K9W4GQT7ENHKW0N9K8Z3JY7R,test
w_01KGPX4JQWA97BC01FR6BT0T8S,Plain Demo
w_01K9YHMXGMQ582G2KD92WA91EK,Codev
w_01K99W5AQCX9YNK1DF85GYCYJ4,Moxo
w_01K98Y8P8ER8Y2FE6HKFB9DQ1B,Databar
w_01KFZM4ZBS8MSAFZRF0XYB3DXN,Dassala
w_01K9YSSTXSXZPBMT2N3G9DBJQ8,maestroverse
w_01JNZWDC6WYSM28QSDDDZA6TKH,Affogata
w_01JD8AMSPNPXMQVRJ8YSFBR6SH,Bask Health
w_01K9A89GTN3FS99G6P59HVS7A3,easyverifactu
w_01K3E1Y3NREVVWE0YH55VXY69Y,nua
w_01GESNY6VXB3EQKF0M4DR4EEQ3,Partna support
w_01KEHYEEBY5N0YBGXFWS6BZSN9,Relay-Support-Docs
w_01K9QYX3KGP366H6W628B8DZ9Y,Reah.com
w_01K8X8D4PMSABNN9GVG6ZYJAT5,asedawet32
w_01KED195NM3H2PRZYSDKVTZGCR,Kitchn.io (CS & Product)
w_01K9CGYZWQ4GWMPQ4CPGY379CT,CN
w_01KBF492XY6REYTCC8GR6WN3PD,Stilla
w_01KBFV0XRV41V971K7C0977HHZ,Expensicat
w_01KBCYGRTTKB2BKAN5G4JC3SCG,Hana
w_01K31BNAPRZEJ654GZKZDZENCX,Draftbit (Staging / Dev)
w_01KG8K5WP18PDTB8F0BA1BM9PZ,Ballpark
w_01K3M20CSVVA3TT1AA3RV2W1BW,skarbe
w_01KGJCSH7TNTM5808CKB7MD31C,PS - Test
w_01K36R9EB5GEXWC7ZQ3SD5NZ2E,Nifty
w_01KGYVCGGJPZA2QT193QDBS0D9,Nicey okehey
w_01KGMJEHCRNDA086DG7ZVW55PZ,Afterplay
w_01K8K004GTFTA4MQ0FZ8K0ZKEY,Nimpos Internal Test
w_01K9BG1SWGZRBAFMHGPM0M87ME,Infinite
w_01KGPXJR58WB6G3TNHY06JAT5W,Plain Demo
w_01KGVEENSTXSGN9T42PQNVB0AF,CWT
w_01KGWHR90CFYERQHJRKE8B39AV,Transax
w_01K3808Y7MPRKMBZD6XE147Q1E,Bead App
w_01K8TYWSGGGQHZ4T67PBMA4JP9,Thinh Tran - Trial
w_01KGW19K6JG69YY3635499Y806,koko
w_01KGWAN798SBNK2BVJ69Z53N2Z,Eze131 
w_01JRB4C2Y5KF5T96TKYWD5E3PT,Pagos
w_01K36DSNNMP8V4GK0BVJK3JC7J,Checkly | Plain
w_01GHE6ABCJ7904Q0QACFWRZXRS,VRA
w_01GHE7PECFYPW3XJ0C33B3NX3Q,Podspace Support
w_01JRD9H4RD8F01WS7JN1CK45BY,Fieldnode
w_01KGYD7Z5EMY0T5EFXP9NJKDZE,StoryClicks
w_01K95YER6F09XDBP5PDWMA0FKD,luis
w_01K9F5J499R0EP3Z5TMWWMHJS3,Eventori
w_01K9F6E2H8JJX724Y7AXDF6AM2,Voicing
w_01KGYGASYB1MBGPT4PA1STA7Y5,Thimble (Prod)
w_01K9PNBZCGPE8DFXDKW92XW4AN,SAFE (Test)
w_01K31J3NEX2KEXBNTXR32B8NV5,Anytrace
w_01K8K1K1YMTTJ02D3NBTY401AJ,mercurylabs-ai
w_01KBHTR7P6PVCY7BGQF77JH26C,kj
w_01JPRBGQTG1Y967YMCMPNX8JGH,Nifty
w_01KG8CHVVRPFWXYFWWF81YPCZK,ONEVISION
w_01KGJF3AMN0ZAWPBXDHKZQ4VC4,NP 
w_01GHE6GN4EYY3BATQ60VDVSVXM,Fern
w_01K9AHXE6CJVA3KNEXNBTTK250,Healthpilot
w_01KGYVZZE6HRREZ4W77GZXTYN0,<>"TEST
w_01KGMJNYJR1V885888FBZ6ECGY,same
w_01KGW1HKYZWKRGJGTV39PZ5QZA,dwf
w_01K9H8NS8P4WT0AFN7T74GQDCX,DCN Workspace
w_01KA0QAVVT7HMVEVRS0C8X3AWP,Medendo
w_01K9JGDY7FMQ5MMP28P7KM2K39,moshi (support)
w_01KGQ510TTWFKFJD2AYSWRG0A9,Plain Demo
w_01KGWWCS14JSMHSWT8NCNNJWCX,Faroflow AI
w_01KGZGCF9EM2869WKHBJGD8WWB,test
w_01K8NNPJJXT53HXT5GN3HSF73D,Acme (Test with Stephen)
w_01K9FE9NNKTQCYM7G8WYG6J7FN,Rentmigo
w_01K3P880A8M98RENPK4662G7VH,Plain Demo
w_01KGYZKXY4V8FVGVKCHZCF1D40,AXIO
w_01K9FREPTT1Z10HPZ5J7FRZ3G1,Kitchen tournament
w_01K9H7F48HRV9FA6CC7RCGB01P,Plain Demo
w_01K9QK04EGSYM0NQB273PNY9VM,FML
w_01KEF2BSV3XH0C0HBNX2PF8HNK,sandbox
w_01H5R1F69XQ35G4P7THFQGN5KB,Inngest
w_01K3QJNTG8SGMJHDKVJ6JXK1PS,Jonathan's Interview – Product Critique
w_01KA0MXPPRHZ5JWGKWDXAX2Q53,*E
w_01KA0N3X3N3RE537VEEQQ9MPBB,https://maps.app.goo.gl/D9QZgmd5ihfmDdCs5
w_01KA0TS31K60EPG3JQ43FSWGYY,S C G'up
w_01KA0WVHK98WKJCF412A7RN9V4,Monoscope Web
w_01KA12CCBXFS0A9X98H7A9Y0GB,Mediaproc
w_01HHJWBCZ59ZB8AATC4ZTHEJ60,Tigris (Production)
w_01KBJJ2FNXZ3JGEH66ZB0JWDXD,Rupt - test
w_01K97Y8M0HZ3CGP8YGT7WEDZZ0,Linc
w_01K8XEF6ACVHDHQP1GPEXHE84K,DATALYR
w_01K8TZQVGAE8A29YRQ3Y64YS7W,Arize AI
w_01JS2QRB0AMY2HYFDM7A6NDAXP,Liquid
w_01KA2TN297Z2QGV0MJFYB38AF7,JB
w_01K5HBN8WJRRA4V86MX1JWTCFX,Rescale Plain
w_01KG60SMT61NMDFC64YE36VWMK,Langdock
w_01KA4P5FAHM4VX7XD9A0TPEY0R,Lighthouse
w_01KGJGCATZ709KDV5DXGRK2YNV,PA Ventures GmbH
w_01GHE62J6NXVFJ9RGZY48SK9J5,Tiger Digital
w_01KGMMCMD6Y2SSEEMYC1FCEBV6,Penterep_test
w_01KA7GXQ5WN4K2CTR3XH7YNKK0,Hello Hudson
w_01KGZ2APVEPR54B86YCDZKHEZ0,Loki
w_01KGQ7HMCCXN57WMMD4V2PZJ63,NetBird UG
w_01K9VRXETWHEDYEN1NJKPBMTZ9,NAME_TEST
w_01KGW2G8522P8T4BX20P5XMSH1,gg
w_01KA854J8YQTXE198YPWCWTZZ2,another
w_01K9YRT1WPW6889SV43R73A416,Monoscope Product
w_01KGZH6VHM6WGWVB0DSG1YWCPN,evil
w_01KH0VB7N1575TT43BFWGDRBKW,Attacker 
w_01K3GGK7S9RC56V8GYC3B1PMYY,Image Host
w_01KH0XRA1GDBQBE2DZJZASCVPA,Andrew
w_01KA9TVKVQAPNB9TCSV7K0TZWB,Privacy/Legal
w_01K56TZHT425Q9ZEEA8XEEZ86K,Maxwell
w_01K3KDG7MFS15X88SA122934TG,ZUBAIR
w_01KEGWFS49MQ292VAKYHH04W13,poimh0000
w_01K8P5R2ZXBRAWAWP32YWFH1HZ,Coverflow Customer Support
w_01K320BP40KW1RSPJ0TYR5GAM7,LV TEST
w_01K5J4PW9RDF9DQRJGC3VF8632,Vantage Point
w_01K8XBAYK9WJPHSW032DDF7D31,tldraw
w_01K31RWGTKZ76AGZMCE3C84XZ5,Tabular
w_01K8XH9XZV1T8BRRG4SYTGY5VR,Opteo
w_01KGJM21AD33DM8EKQ3RWMS91R,ozky
w_01K3QPW7BAK92C6DJX74D0MNCM,Klaro (main)
w_01JR0PV73EE52YVKTHHDRCXF37,Galink Support
w_01KEFG294NM6526KRJR32D9SJE,Antioch
w_01KGQFBM1QACVCQ5G4H50V10ZX,Mossy Software Ltd
w_01KABA2EXHKDE9DY12NWGMX9DS,Liveblocks (dev)
w_01KAGWAJNKQ1AMDMYQV141KE8F,Limio Support Desk
w_01GHHRJJAGDFWY3YQB4YP1BNBY,CNaught (Production)
w_01KACV6GA3NE6QZ7VCEJVPD6P3,Acme Co Customer Service
w_01K8V0JDG6P1ZQ2AB9K1QEQQ4B,RedHiveNew Node 1
w_01KGZ4FGX2HSNERD4DSFQMB7BA,ZAPT
w_01KAB3N6A76Q8QS7G0ZJ458HJ8,nanasan
w_01K3QJZHHMAS2QATGQR11PS89C,Test – Jonathan Interview 
w_01KABHS0MGBR1HA9M6B5STJCFT,Netlify 3
w_01KGZKYR89ZRXRYB01NP6WW8ZR,<h1>peter</h1>
w_01GHGNM3FQ54K7SCPRX0B356N6,Lana
w_01JRFR36Q16J7XHGW7QJGZBQEW,Kohort
w_01KAE5ERYP62YSC2M9X07ZBB0X,Plain Demo
w_01K9FTFTD5GNF9RA0NNQ4JXD89,BFinance Business
w_01KH0XXATH3R73PKQKPQXD2AQ3,Morva
w_01KAEGBRDS4Q83N3BYJJ5AAM4Z,Mercura (old)
w_01KBMGPXY9GTN3QT1VBJXKAXZD,Deepinsight Hero
w_01KAB542RQ186J3ECA5ZCRM7ZC,Magic
w_01K9S6Z2080YFD9PC92R2GH2VC,Beam
w_01K320QGXJG1K8V1FGFTADWVG4,Plain Demo
w_01K5MR4B0JT36C22A2FF1YX8VB,test
w_01K9X5X8KTFJXZHJT247VXN2MC,Parallel
w_01KAFVBD41DARATS5YEVHS70K0,Mercura
w_01KAKG2KTSFPF3Q8YYB9W1A9BA,Support
w_01KAFKZKWD7FVME5ABR9J8K6MV,Shasta (Production)
w_01KD8ST4ERHD3N2ASQZJSFGH8K,Qlty Testing
w_01KASMK99G14N70GPK2K1WRDHB,AdShield
w_01GHWBFZSFNGGSGZRQ9JC1X86H,Fragment 
w_01KGJQHK7BK9JYEFEPXQRBJHDK,FusionAuth Support (Production)
w_01KGZB3Z2X5971W37QGN2G69A4,tester
w_01K33XTX41T2FXR2VSZAGYKF85,Neuroconversio
w_01KAM298BF49D67H259ARKAYKF,A.E. Team
w_01KGQJVYFVF62FAHDVS4KT3971,ad
w_01KGZKZB4DKSBRS2SZ5QEED8R1,Temporibus magnam co
w_01K3TRSF7XF9VEBMAYFS8CM11M,Testing AB
w_01KH11K1RXH4JPCBJEKEX7NXJ3,Plain Demo
w_01KAFYVPQNZFSMVNV6S7N1DEHT,Zocket
w_01KA24J4JBDY8Z6SFPRZRNYSJW,linkhub w4
w_01KAGRH8QJKYVV2NF1R9KDCVXC,kyan health
w_01KAKKZAXAVMW1DRTPPEME3RSK,Vasco
w_01KAPTBR3Y7Q8GKRSF6MP8TDNH,BeeApps
w_01KAR7GM6VEWCEEY4XW6VFX2Z1,Momo
w_01K3W1C1XJEYVHBXYR6TXCT9C3,Grepr
w_01K3W2G4TGQRXDT88RW8S2MRSW,Plain Demo
w_01KARP09NZMP8VM0Y6YS4NY8C3,robomart
w_01KASB0Z2VE0C057NXR0XKJ369,Plain Demo
w_01KASB2H67G1Y2J0TEAH059BDZ,Plain Demo
w_01KBWV3H4SJRQK61E933VFD69K,Rojit 
w_01KATG1TYA4VK05DM5YRC52FE8,Less
w_01K5P847VS5K9X3PYSFFJHQ8QM, msnxlkqsjnxpqs
w_01KGJR8SYN7BSJXQQ8962619SZ,leegwohong
w_01JHR599VK6AHTJH0EZWVAX6BS,paradime.io
w_01KGMZHTNVVJFPSMYBM6MW2Y60,PostHog
w_01KH12WJ0EBPXZB67YVZRWDWT9,AutoSuport
w_01K3WNQ5H63V6H6F73YNS1V48G,Plain Demo
w_01K3Z6MGWPFYTCMZ192G91EDZS,Bead Dev
w_01KGQNHJY41XXNW65MPQAFF970,VictoriaTLu
w_01KAM2BESJ7H4VZYJWF0ATTFDJ,Berlin 
w_01KB1BAFZAEBX1N6VQ6524KJ2A,Ari
w_01KB25RASF8SK28B32J6WEGMEK,Ohmmo Group
w_01K3TERC7PG28VSMZ8NEPD1ZR6,Default
w_01K43M3E2056HNZPYHZDH21DM7,saas-successv
w_01KEHDFYPPY4JKCW30F0MBRANE,Test
w_01KFZPZZ2HMBJWJ4BBJ8PJJZ3B,Bustem
w_01KB0RMP1QYJXWXETHM23NBZWG,Hyper
w_01KB3HTT4X5YBKFYHZCZXFP87M,EasyVerifactu
w_01K9YJD5BQNR7SK6BRETHA79JB,Octolane
w_01KB4KXGJJF3WFKPFCABTDN1MP,TARGO
w_01KAW9D2TP9JNN3S7QM54KC39Y,SophiieAI
w_01JBM97YEJM1Z9HD3NYSZQTEG9,Kick Dev
w_01KB143YRMJJ8CD4TBQT71H79H,CheckSammy (Preview)
w_01JR7MEQMS29YVYQA29ZBRD81W,carnedd
w_01K3YK4VEJ2HXED06FGY3ME8GJ,bLIS
w_01KAZ5TGYRKCRJB8Q15MH6MTR0,Coinflow
w_01K44FAPZDG07MHC3F63EWKZAF,VP-Test
w_01KBNFXR5MW5ZMJ148KEBW1GF0,TO
w_01GJFDP2FYVFBX7JPQR2KQ4JNC,Reflame production
w_01KBSXW75T3JFGYZH7E189A6S2,Sagepilot AI Support
w_01K5QVAX8Q0TJD62JTHNEMC6Z8,KobeTest
w_01K5R4J58RTV9BN7MRS43XP6W8,preview_workspace
w_01K9TQCCHBSZQ5E4ZTXPHQPS9A,CMietkoCSM(Internal)
w_01KGJX64C530BEC4R3NDXN9CS6,TradieCart
w_01KGN1WS4Y9RKAE410XCCWY6HR,default
w_01KH18RCT9SW5ASCR477EDRXKS,aaaa
w_01KFR3VGX17S8H5RK46XRRT8XT,Purebreeze
w_01K3203C982XJV9NFAFANTRTQ5,Zoe's Company
w_01KGQVF6C567N1HFDBVV0HBBCD,Antioch (Staging)
w_01KBJEJ8XBJD77EJGHE8GVG1YE,Cursor AP
w_01KEFPYYAHRAJ7627M7DZQ2ZXD,Rankcaster AI
w_01KB3KY0Z67SHZZ3X1PT37CZJX,Acme
w_01KBQWXT9R3YM6D6XXH5EDVQZ4,Linx Security CS
w_01K3T7R5CRJRGP3DC4DDHXAGS4,Converge
w_01KBPCCEBPWJH5S84R774B3049,Epsilo
w_01K9Y6997TG27JMT7RJY9YSCC3,Deepfield
w_01K45CE186RCQ14Q5J6VK2KJ5K,Assembly
w_01K40G089HCQTQMTMQH5CSD40H,Plain Demo
w_01KBH7CAQAX2FTR779NAMDG481,Trial 1
w_01KBJXEE2J6PXY2YJNV8W6WFJX,test
w_01K4559VCF3PWZMJ1H70X5Y92Y,support
w_01KBK760116P15N5NZC242NMDS,Sean's Fam
w_01KBKZFFE6RN5RWGT9G6WC6X7Q,BB GTM Consulting
w_01KBPH564PHQBP5PCEW4SSPK0D,Forosh
w_01KEJCEYY7CKT0SNE5E5FYP3EP,Gadget
w_01KBPKAXDKNNCSTM2SBX345K7E,Freshmail
w_01HWEMJC74EVH645TC9JQT5699,Portal
w_01K4610WMHD00J4VFD268552FW,Sweazey Demo
w_01KBQE8K3GCWXXD4N4TZV5KWB1,Nepeta
w_01KB2FK5RAP2ADKVYA5TMTMJW4,Plain Demo
w_01K5S2PSDRH3R54V8HDCEA4B0R,Carlos Scherer
w_01KG2ESXANJG7ZFDE3KWXE8R16,Sichu
w_01KGN6JA53TZ89DV80CXPNM74G,hughescorp
w_01KH18WB2W2M6TXV5KNBQ82F7K,aaaa
w_01K8JXSSR8RT4XY1Y9J1XSZBG2,Plain Demo
w_01K8TJAK52ADTRFDSPQRGVQNXM,Plain Demo
w_01KBK2KN8EJSTX3KDAKBFAFYR4,Landing
w_01KB2FKWQSGKTE5TD8TDHKDW3K,Plain Demo
w_01KC5H1KGGHQVG7C3EEHMXEGC6,Glade (QA)
w_01KBWSQTNWEP31YXVE8DYSC7SQ,Capyscale Web
w_01KAWNDV03GAZYJ8MNPF6XQ2XY,Flint
w_01KBHQT6ZMWG249PB3FBCSTFDK,test
w_01KBDP5TM97J9E9VCJ0R52QJGE,Sig test
w_01KBJHYYS0RGGTNA6VEJZE989S,Certly
w_01KC492DXYJADGEAKGCY1QQGD0,Veda Customer Success
w_01KFXE0N8NXWH64ZJDDXM65BYD,mtehc
w_01KC5SAQHJXE2EGMA1H4SEGBPP,redforce.cs
w_01KBNJC6JVYK8J870H5BB1360G,Statsig
w_01KA6GR5HTAAT6WRPKHNJ7PXR5,Scroll
w_01KC2PM09HH6YQ08RP2F1TXVK6,plivka
w_01K3TG4JJFPTK3GM57MPAYZC95,Europa CORP
w_01KBMEJV1THWVDSYFH7G3G0T73,MIDDAy
w_01KC16J125EYHCXJY0KKZHP4FX,ab
w_01K462M65X0JA8NJNCCT89234S,AnabaWines Test
w_01K469C01CT7CGJRSEQ2DYEM0S,Slack Test Workspace
w_01KC1QK433BR568W8N8RSNCNC5,DOOG
w_01KEHER4BD5A7S1Z3SEG5SPJX2,PENG
w_01KEG31R9CZ09BWB160EC4SQ90,Karia
w_01KG2R4X3V04NRS4RYYV2N3GHC,Campfront
w_01K34JHT2H7DTB4MDMK1S5XBD3,Acme Co (support)
w_01KH18Y9CMPW4KQ7AEVJVWRKQJ,aaaa
w_01KAV6EEZYNTXQXX0SCF8H4Q5J,Xenett
w_01K47G91CE3Y5QFV4H8K9QBXCT,Example
w_01KB2FYTNSYX516KK2J86NB68D,Plain Demo
w_01KC972C9NGA3508X1W6ZWYJ0Y,Bindbee
w_01K351AAZQ1RAWJZMYZH6AZGD1,HypeRPC
w_01K47ZHQ8Z4B9VF1C51JE6N0VS,Plain Demo
w_01KCFZTQWE5W6HPRDFFFPYRRSS,Daymi
w_01KC2W8AEEX7ER3DTXTWJ0R8QA,Oneprofile Integrations
w_01KCBWDW094BKEH2Q4K5AF00BF,AndSimple-staging
w_01KC4B81FHY33BJXMY1TA76571,Ines
w_01KC6HPNFQ3P33GG0QJ7DJVRB4,Context7
w_01KG5HBQD8FDVZM5GG7W7GBT5H,Reflex
w_01K485M9BST9D2Y51HK6GGG795,Octopus Energy Metering
w_01K320FZDZ7Q9PN3E86Q4CBHPR,Zoe's Company
w_01K9AEMPNEB1JSBMGCK1WMK1Y5,StaffConnect Assist
w_01KC8P2ANEWW2RFN10E48536XC,Agentova
w_01KBYVPX742GFK7TQ7JQ74FCVN,Kraken Client Channels (external)
w_01KC5J2HMXBVJYCG5YF2502BM3,PZX
w_01KBTWA0VF6SXP7YEWAY8TFZ24,test1
w_01KFZT59QD9DZHM6B7GMZWJW35,circadi
w_01K4AVW9EA1H24GPG588MGC7P7,engage_8
w_01KCG5M48YE4X4QPDRH5YE145N,Monologue
w_01KCJX55AQ74HQFFB6R04JA52X,uuuu
w_01KCKA1Q1N55AYQ2GHE2A4A0PN,Turboplain Dev
w_01KEMENR3JQJXPM0WQ59HSE8TW,MOHAMED
w_01KG3DZJS07YDMDJHP56R779RK,Security
w_01KCQ96AB05N4Y3TD7GPRHKM3E,Duster AI
w_01GM642MJBZWHZFWVMMSZXGW3A,That Bulb
w_01K312BJ6T17Z3JA0ST594YGNM,Pritam
w_01KEG78ZBPCMTD595SVNMVSNSK,Halo AI
w_01KH18YX6T9CSPZCYDQA98RKPW,aaaa
w_01KCRP6D679G46KD2WY5ZM42DF,XORH ONE
w_01GTJ87RSKE7EY3GABYE5N0511,Helios
w_01KBFYGRBE3J7SJ2Y4KS4XZWVW,EDB
w_01KC29E9YV5H5WBJG779QAV86J,sip-of-freedom
w_01KCGQZ9K8SR1V0ZAFKYKEH1AS,Consilio
w_01KC7NS45ANA5N7SPYRRF1MTHG,sirius
w_01KEHFSPR3XVBREJVT3TWY51WX,NOOVA
w_01KCNTK5DYZ5WF16ZRP71A7K8J,Scrut Automation
w_01KBMQG2DKD9938RA7BAA0HYX8,SLNG
w_01KBV3KVP4KY1XTBXAT89Y5YR9,Security & Privacy
w_01KCKNZFFP4VV5XWVCR3PTAZB2,Flex Platform Testing
w_01KFXM4DQSNZSEB2HS8VEFG8K3,jootcorp
w_01KCA9APN0Q0EM8QJ66B748N27,Attio
w_01K4QDW0NQX0VNQH6J14XBX96Q,Tines Demo
w_01KCBE9PV42R3A1DS6XZ6YE6R1,Palau Help Center
w_01KCN2SEN746JWCV7T2PC3WZTE,Demo
w_01KCKDHR06ZFXA7EBBTWXTKZFS,Plain Demo
w_01K4D1H5YQ580NBSADYHQKQ9XD,Topsort
w_01KB0MF35WPD7FA85TN5JZ7671,Groq sandbox (for migration testing)
w_01GMDX59KKJ516DNSMBRRKF0H9,Plataforma
w_01KCR9GYB9ZRKX95NF661584GG,DSK
w_01KCS0J01GH4H85QNC4KPJKKBF,picsellia-workspace
w_01KENXAG3ZKGJ25GZ5P8V3K5XH,financecoach
w_01KBR9543X7HSJT1MZ8HRBVD3C,Elicit
w_01KCW8YWD2SW2MKFEHS8J76N81,LADU Support
w_01K5SB86FQWWC7B2VK8SBTABVE,plain
w_01KG2RG33MRCSH6GSFRT8E5888,Ocapi
w_01GN2TK2QRHK46AYN52B7WW0AN,OneEPK (Production)
w_01KA1V1BBRJ98MWC00HB60J7SH,LightWork AI (Production)
w_01KCXPZHHNQ5QDKCC9QCCF47FQ,KiwiCV (Production)
w_01KH192BRRMZ8652DWYXS9R2AZ,fjgj
w_01G9D709M51Z60G4GN66T4BZ4J,Standards
w_01KG7C0G7J3SG9EGPYMVZWZZKD,Motorica-Internal
w_01KAV708WZFAE6QHG6Q83D1MQ4,YGO
w_01KCY5V8E7XFKB3B9DARF7DW9Z,OPEN HQ
w_01KD5MZGY819164DZ123BGWYNA,yassir
w_01KCZPVKFGDGWS0QEDP1XSTWBB,Integra
w_01K97JRZB8WDBTN4NPTEY28D0T,Virtual Flipper Zero
w_01KB2NGNBVYTEGEZWH6QAB028Y,..
w_01KCY0A22GQJESNS959TV2W2EV,Paradox
w_01KCX3C4RCSZSXR3Z0KBMN62BM,Acme
w_01KCZD2PQ6AF3TNZWDXFCYYMCV,Fasten
w_01KD2Z9A9MDGRHN4A3K90M913F,justeam
w_01K4MGBK7VMPZ5WWPF2QE00RN3,xfgdf
w_01KEHNGEMHAY7EWYH0PZ2PRFT0,Acme (Prod)
w_01KEKBE5ATN9H92ATFAE86CDJJ,Aura
w_01KG75RJKNETXAM4CTFEQKF3S3,paritest
w_01FZBA3MX5BDA79GT2D8BNYMDD,Production
w_01KBDWZBAJC8HSXER7MNSJDFDA,test
w_01K4AY54ZZZ986QZQDHS9Z6GPE,Plain Demo
w_01KG0FC2J1ZEPTN8ZJ2MG5YBXK,Metal
w_01KGJ608X6RRSQ5PWVE4YDJXRS,WM
w_01KG2HWVCSVCRYHPCH62EZ5EKJ,tetley
w_01KH1950NBS3F5WRSMASK6KJYA,cccc
w_01KCM3695PKT3VWVRM1ZZPZJ7X,Koywe
w_01KEGEFPECSY6PF9BQ8ECP0PAN,zard
w_01KD81VP3DAF36TMJ3T1RY5SG5,Timeless
w_01KDBTFFAD793AD382Y88VEDC3,Databuddy
w_01K9FJHSQXC82JRGE2V7KTG4E1,Circle Test
w_01KB8C7RQWGFJVW1Q8BSWNSMPB,Customer Support
w_01KFXTD9X9PTX1PHB1DC4TCYMC,Probo
w_01KBE2XB8G74PK5FFPE77N9WF8,fabio-test
w_01KDCDE8N3WB586SQSWQ0GBY84,Soy
w_01KDDSHRRG3XNKQHB2JW5R9JWY,MCA Pilot
w_01KD2NDVF730PWWZ5YQ4RGWYT0,telli
w_01KBG6W3S897CBT05QDZY90PKJ,Prefect Help Desk
w_01KD91Q49DKVPGG07SHT9DVQ2V,AnyTeam (Stage)
w_01KDJV5M0KVTBJH3DT1TJ3XFB3,Digitalhjelp
w_01KG9QJ80RFH18D1TQRZY014ZK,Alivakili
w_01K9VHGV1ETQG7XF0KJAWYE7WD,Plain Demo
w_01KH1B0JC77XQGSZ4MC591929V,tekoomohamed
w_01K4NWZRG480TT66AE3Z2620H4,mnq
w_01KDVF7PH02T29NYYPTK76Q9W6,Kayvon
w_01JSGS1RWC5C9KJ5K7KVE3JAHD,Tuist
w_01KDQAXG3FMJY09V9ZPSJFVNKR,Bob
w_01KD91QYP7F9XTGNDR4GW2HWQ8,AnyTeam (Dev)
w_01KEJDMY67BE8ZDW47QSYX1XGY,Acmeprod
w_01KD2RD6XFCN99APAKN73J54JJ,Mazic
w_01K4R3HV6YBKDTAQ7T0M5KV2KT,Contentful Demo
w_01K4PSEAW4XW3408PQDKQF9K0N,Georgia Caplice
w_01KDRAZR89Z9BVGSCBAQWEH7AW,COMPREADY
w_01KDTZ6G3E64Y1K3A88F8F9GFS,Yesterday
w_01KDR392N2CABG9V3X1DVXTSVT,Legion
w_01K4M118HSJA8WRNN47QKEZ3DH,Bluebricks
w_01KDY98R5VSZBJZ27S3G164A8Q,AHMED OTAYF
w_01KDFYVDHPTBAZMSMMR94D8254,Casa Conect
w_01K4QWHA8M408JDFAXSQW2PMPG,Highbeam
w_01KBE5F96MEFJYBCSXCKYV6N33,test
w_01KBZ9YPSHH7YFQAD6E31BMZVX,test-new
w_01K8HYPCWGJ2PPRB66WPA8X1ZS,Acme
w_01K4R3384GV1RBSE1G8V9M3SQN,Plain Demo
w_01KDZP6DC1W7WSH27HEFA9R0T4,navi
w_01KDKV55SJVSAFP1TYVG4HV6RB,Circleback
w_01KE1MRACMGZPM3WA9JFV1G8FZ,Ramona Reitz 
w_01KDYRKGZD3VX6ABB94NRZM31F,Jenny M
w_01K4R5BFPK4EGDJGEPEGQ4NQDV,Preflight (Support)
w_01KBZAXWBFX8MVTCB76F941B3N,Soy
w_01KG94SV5M77AFAE8S2JZ1YHJC,<h1>hacked</h1>
w_01KH1BHPJ0D8RP33P8WMATJR2W,internalname_tekoo
w_01K4PTQKGBKVEW9AYG0P64T015,Oqto
w_01KCRH71EN9YZXE8CH2HZX76ZT,Flatpeak
w_01KE7N91GWDV1N0KSF0Q9C62VV,Pylon Lending
w_01GPWYYFEMD7867BWGQCN0FN3C,LMRK
w_01K4R36TPSR4D731RFYKTKQXV2,Plain Demo
w_01KAVJCP3BASD6NCFDSN1YBG60,DKTEST
w_01JQVP468TG1Z5EBSQS1N57QJK,memorang
w_01KE8QSY8VPN178Y4HQMYBS9TV,eMedici
w_01KEC1MWY9FG33JG26GQBHBQQH,tourdim
w_01KE2SP5H0ZXN7FGWM12X8W1CP,Dear Limited
w_01JSKPR23NFFR34M85CYYD0ADP,Black Air
w_01KEDQFJTRTC9GEJM1SZX6HWYC,Testing
w_01KE589FAWQHGNTXDKW1S1HGN4,Ocean
w_01KE81HY8VJ4VN9MARRQ4H0TZ6,Anplexa
w_01KEE95MQ6JYGKY1QXSWCZBVPR,sagepilot-ai
w_01K4BRQMCTEE1BZTSF83B10VD2,Super Plain
w_01KEBNZHG6V2C2BN5DXEY8NSFA,Gorelo
w_01KEAKDWRGB46KGRY1E4834DWQ,Uniify (Production)
w_01KE7XQNH4J47WTPNKG3YRYFDT,test
w_01K4WZ7VM1XHA9GS61KMF763JG,fh
w_01JM1Z0DZG58NHKAVKEY5BNREC,Konsistent
w_01KE6VF6ZMSVWF1ZNKVGJPMDH7,peopelX 
w_01KE3FAN0HHXMMJ6G6RM37XD50,Sparlo
w_01K5HBREWZKF4AKH19960V28AJ,Rescale Plain
w_01KBV4H5G2N77WTHEQ4Q1YGB1T,plain-tests
w_01KH1BWXA90VHT3YN5KSHDDVEH,sec internal takey
w_01K4RFCAKJGZPBHWDQ1W7E3KH7,Plain Demo
w_01KCVDZF120DJE4PW1VVPFTDWF,Zo
w_01JJQFBY2XS43R64GD4F01CPEY,Maple (Prod)
w_01KE5WJ7GWCZG5B9FFEN6YPNAV,O X 
w_01KEAMQ7EVYFYPKBKMBYFE40FP,Highlight
w_01KBGN7EB81TBK7HPTDCKK42MC,Koyeb
w_01JC5TW37X5JVRYYBV03SPN2BZ,HeadKit
w_01K4RFMVTCZQR7JERV42E8J955,Plain Demo
w_01KE6XZY1PCS5GNC37393N80QH,Potpie Users
w_01JSSH1RXA92C1BWHKGSRBZWZJ,Stepwork (Live)
w_01KE2TFD0JPDEGS2GRMJ4PFG21,Client Support
w_01KEEJNYNNZJQG73KC125S36D6,Eventori
w_01KEGG5SS17Z4H8R9GBD5J5291,asdasdsa
w_01KCRDV732JHB1QFH0V5V00C8F,MSDS
w_01K4RFCNNQWVZTJMRENW2S9VR7,Plain Demo
w_01JSEYZAR61YBYRP9JCAHHHDM0,Duffel
w_01KEJEHWJHC2R0PZ07P4X01MWB,Blaze
w_01KEMENWNCKCSDQTKS5XVT6DWF,MOHAMED
w_01KEKRP2QGWQ0HEJMZHK0MW1EA,Kelola Prod
w_01KEPE6RXGWGDGP9005H0XVH81,JobStaq
w_01KEQ6V1MEB7Y69W0RQE0GJRFV,Mamdoh
w_01KEQM3FX4KSFRV024QX3WE5KB,nurpaybd
w_01KG4DD63H3T25TX4KBD1ZAZYM,workspace
w_01K8JXTETZTEQCNR4NM3C14SNA,Plain Demo
w_01KH1DJ9H4Q3Y4CJEGNCPKYP47,Chromatic Demo
w_01K4SFZXR74B11ST8KF2KSM5PQ,For candidates interview prep
w_01K4STAGHR2BN4MRD385JXMRH2,AE - Sarah
w_01KBZTZNJXA9F8V4VCWX61STX4,pstanek
w_01KE75NNYMY20XSKSCZZ5S1FPY,Support
w_01KC1VW6VF4KW1X1ZKXTD1F9BW,Minka Inc
w_01KEHRHCB39TREVW1AQHFAZAVG,Ask Nestor
w_01KEJCPEH4V6NETPPZ7ACXT845,Rimo Health
w_01GRBVZ4QYR48PGWAHGXT6C67S,Prod
w_01KEMENZ2DAM5MZ9G48C2ZA3J4,MOHAMED
w_01JR4FC9AJWC4T6XP04PACAGP1,Rivet (Plain)
w_01KEPFPVY6W5G6J4B93MEAR5BA,Workfuse Prod
w_01KER8X3AF8DHRSD9VJ7WADEED,f
w_01KETXP4ZTXQXGYQQ636DK15M6,test
w_01KERXM808ACZ4B96SN8FWM7QN,EduArc
w_01KES50DY4M4AM5FACG57CD97E,GenTest
w_01K38J18KAC42G2SZV8ADSDPDZ,Marble Support
w_01KESFG12J6F75XJ4QC5HHXQ0N,Birdie Demo
w_01KESHB2WBCT54T7TF55K5H20J,acm
w_01KE87XM3D1R2YXJMZGAGMGX8B,Rubie
w_01KESWMKWG3AGDAS9H9THTJ3M3,Elm AI
w_01KEWF9S95W88QGHVHXFDS78QN,Topkey Sandbox (for Ari testing)
w_01KEX0N388TT7M95DG6TCB8ZW8,Martini
w_01KEXCX78BA51AR8FX1XCNGAR0,Clerky
w_01KEXXA6VZMXZZ7T8FYC3MDXYQ,kulp
w_01KEYAAM9HYKPHFJF7SGAJVWHF,Mopily 
w_01KG954BM4XVTB4QSWSNQASSTK,jk
w_01KGHMJMRQ5YK30MMVGTCPRZYP,test
w_01KFXZSYBCJMXCSRSVADXGJM91,My Workspace
w_01KH1DMA77HQ96ED5JM2CNHAB9,attacker
w_01K314K5ZJZZC77B3HPWPCWGR5,Plain Demo
w_01GRM07JPBA5M1N707WKPBNDQJ,Educai
w_01K4AY48ZSZZ3A1QFG0S9TTF1X,Plain Demo
w_01KEJQ333ZWHWMMS2AS28YH1C6,Storage360
w_01KE89RM3DB8E1WP2MK6SQH0RC,Muni
w_01K8JY8ADVNR34SXK9AX6QB29A,Kota x Plain customer support tool
w_01KEMQ5FZN7ZX56TDXRAKEN1XX,TTT
w_01K4MMF3HST3N5TFZY7KJ2SWRK,Support Team
w_01KB2YM41355PT3MAEQ5R44J10,test
w_01K4SGAAQSV7TTFWSD7T88BF61,Plain Demo
w_01KETZ0YC25RF0C0E0SQ2AMYGC,flarelane
w_01KEZ6SF1N4S0Z8FP8J4B4VYJH,Pensar
w_01K4SXFS2T1K6D5Q29Z4JQF3AT,Compliance
w_01KEWH6PWRG493GDCS94DJ0RPN,Open Launch
w_01KFGVKDK6B6B10S7GYTJFD8D8,Doss
w_01KEX2RHYERRN5NBK8VREH3T8P,pburr
w_01KF0K7FBTJQ282FESSJ7Y10MR,Pengefix
w_01KEZCPXJ40CQR9F325CM7E3C9,CirclebackTest
w_01KEZP8V5A3767T0KX731P8GM8,LTP
w_01KF0C3FSP5MSS2291VWVDS880,batata
w_01KF2DR3A5SV7Z8CGS1WVJPE7D,WorkOS
w_01KF37JAT289W3499RJYXRAR77,maxim
w_01KF3JMRBTKVM2V8YNZTS3PEZ6,TrustVet
w_01KF3VE1MVM7X2DWDXDZ2BRXSK,Goblins
w_01KF3YGGC156S7JKA28C5MFQ8C,Fiber AI
w_01KF46TDS2K9SF7WC9N2VNRAQ6,Madav
w_01KF53GBR2N53MKS1JMN6VJ5TX,itsbrennan
w_01KBDWN0WVBWJQNTXJ16CR90QH,hey
w_01KGA1DZJ9FR75275JPRMC3XWK,rewrew
w_01KFDWKHXZQ2QH4DMJW4GNEGGN,Microsoft Plain Testing
w_01KEMYPENGYMJGB170HMK6NJJH,Forgent AI
w_01JZQ7GSWW2PY8A7K0SVFBBS73,Asteroid Prod
w_01KETZ0ZX28R393FEC80GX66G4,anayacristo25@gmail.com
w_01KE7QQAXP0K7J335W2S0YFE2N,Plain Demo - Simon
w_01KEYM5H3BMY1W2B4ZBYTSY5TH,ETHGlobal
w_01KBM98VSRRWF980YXBKQ43H94,Pactly
w_01KFGZCW2BXKJ3GVZ0KETZA60R,ChainPatrol (Prod)
w_01KF0SGPN3Z9FSW2NEYC0Z07E3,Minic Studio
w_01KF4700D15GXM74RAZN82T617,Madav
w_01KF54KFVE0TEHM6YZGD9NG5FV,RiftSurge (Production)
w_01KF7CQHG25P7SJPZXN1CAJQCF,Zigment AI
w_01KF8HG23271JEG3F3GRK9ZGRE,Santhu
w_01KF9019YJG448V29S19RJFWJF,Pixamp (Production)
w_01KF92AYP3CPM53W8251MS44QJ,Prod
w_01KFA116YQ2S1E88V8N0GAFMKD,TIP (Production)
w_01KFAJ7AR2WGARZTK8ZR3FHDN3,meg
w_01KFB8VTQQ21V6PZMN6KJPZES2,Acme
w_01KFBRVJDWAYQ4Q9BMFBW0B91V,test123
w_01KFD04BAFYR8KQW3QX5BD0SYZ,Acme (Production)
w_01KFDV1GVQKGV2WR85BXE1MQ76,lucky7
w_01KFDXSXQZYXJVVGNH8Q59ZSZB,test
w_01KFG2H9ZHZD09T6495BE5S7FZ,JKH
w_01KFEQB6Y7T5MY8A42P0VP1ZDF,Beam Browser
w_01KFE08S30E593AA6TY3JA7TSF,Atlantic Power & Utilities
w_01KFEE6B3QTR0QWXSKYCHKZ14R,test
w_01KFEY3KCPM3E6PP3AHDH833HD,graham-software
w_01KFFEKWYTH09252KYMNCB6YQD,Prod
w_01KFG6ZPN6PDFH60E48A9JNX0W,Graphy (Development)
w_01KGC72G0QCK9KNGH0M6GMEGQX,Acme Test
w_01KH1E1A886VMX15QCZF1H03F9,Chaikal
w_01KETZDQ53KF88HWR59WVNSHA5,granadoscristo@icloud.com
w_01GJYSBTMCBDH94F2CBSB4J9A1,Production
w_01GSAQXZ4F7YPA3PJVC6W9XSD0,Production
w_01K4TZ9E20G58Z46YXBJZQ8N2H,support squad 
w_01KF0YBMDY1GJN61AHDP1TS1EF,test
w_01H0J90EVVNJN5JNPC61DQZWAT,Plain Demo Workspace
w_01KF8PNBXAVRMM1KK4WFJAGMC3,Acme
w_01K9VHHBP7TVZKH9W3KTHQE9SP,General
w_01K4T23ZCC9BRN5JW2NKPSFF2V,test
w_01KDNFCCQADE86CBECDSHNC26N,Shipfox
w_01KFWC5CD5Q8DMPSH0XJHM59Y4,Contactlevel Platform
w_01KFHJAAA5VAF84GR6J8V7PVQR,Claim
w_01K4WEK1XM0RNARK0SWZN0VK3E,Interview Prod
w_01K4TE4P83NZ4QAYBRE4TJQN4A,Plain Demo
w_01KFD5AB3M4KJVC8DDCED5FRXD,Ottomate
w_01K4TJCBD5WMPX5G65M18SAKCN,Countercyclical (Production)
w_01K4WQA4HMFSHDY3VJA1W8EAQY,Megh
w_01KFDWT54XVC4DD23CK5F71A8W,Numa
w_01KFDYWWANDWVP5QE2PB4YD5ZQ,Durie (Business Support)
w_01K4Z9W22QW1PVNQ06ZCDWYBEZ,Plain Demo
w_01K4X7595V0R5Z7BTPJFM526BQ,Acme TEST
w_01K4ZPS1QABZ33C2MKRGB5TAQ7,Decimal (Production)
w_01K4ZX4K00A1FMB8YVPJD7DVS1,Decimal AI (Production)
w_01K53CV6Z86NSMZMNXY8PMFQSJ,Design
w_01K55G0FBYZ55GD8925XR7XEFB,multiplai-tech
w_01K56J3YVY8V0R265FSSA4Z2X1,Test
w_01KGCFFSZQD7TCN3ACS547ZDFE,workmate
w_01K4YPDXWE5NRBJEN10680MJN8,Plain Exploration
w_01K8TJA6M4GVRWWFTHY82KYCR3,Plain Demo
w_01K4ZXGS4Q6HS0YKDRDZTAZVX8,Mapwork
w_01K58WCQPPKZ4S6H5XB3GJRHZ2,Test newtone
w_01KEEW5478X58AFTPSTQJCWZ4T,Support
w_01KETZX6SDP0HG1GSJMRZVWJZH,anayacristo35@gmail.com
w_01K4QHF5AA1PSFM3ZXWF8BATY3,n8n-security
w_01KH1F0CHQ74MDZDWE2GGPAXV3,xczcxzc
w_01KETZXDJ65T66ADK7ZHKN2BKR,anayacristo35@gmail.com
w_01KFK7WX433ZXCS9M7MSV2PD4W,Support
w_01KBYWHP1NEHDA54V20QQM70DB,EcoSend
w_01KF1134NYT2WB9WJ32164RMJ2,hamza
w_01KFH74P59V6JZAMS662XT0S7S,Barndoor AI
w_01K4N18BK8C3DTKB2ZRC03XS40,Edcompass  LLC
w_01K586AERAY0W5H58352KXJDBJ,Striped Apps Inc.
w_01KFGETYG5Z5ME11GMXQ7W3JVZ,UpMail
w_01KFJW3S5K738104KW0SFF6KPJ,mynewinc
w_01KFBB5XV5N70GSS357QKDSMX0,oooo
w_01K5BDAAMX535ZP65F7VX69CNP,incredible
w_01KFH8T0EH0B28AGMP2VC07Q0T,Yennefer 
w_01KFD9WMZVD6GQXNN80VGZ6TD7,Plain Demo
w_01KFJJZJQG3P5X0HR5RB56XVMW,Tests
w_01KFK5JA4PYHQAR1WR7C83KH25,Homecare Pro
w_01KFJYD2ZGSFMHRJA7342QVW0M,Alvys
w_01KFKVRAVYZXFQV7T4DZE9P6G7,Transax
w_01K5X6CNEF3J0GKW3ZF2PGY79M,اوج
w_01KFTBSMG4VNG8HW6NNCW7BRXT,paloma
w_01GTHWD8FFJR6D20MWD7MCPVRY,Smartprograms
w_01KFKQFZS6KB7BR94XXSKHCBQA,USLege
w_01KH1JBXAYJ4FAQP03N7BWX4X6,Harvey Support
w_01KG1W9RR0RP528J3BPZB99XEJ,Ziber
w_01K4ZY4T3HE6RCD52M1DFND1YK,Support Squad
w_01KFKZ0K34GNQVX153DGGE3XTH,DOSS
w_01K56V86B5FVQYYYJW7SJP8Q75,Actionable
w_01KETZX93H7J33F026C34036FA,anayacristo35@gmail.com
w_01KFM74RY4NHVRRE1282GMDMNE,test k
w_01KF11AWG7VJQGTWTYVD0APKQ2,CargoSense (sandbox)
w_01K59W7G1HVRC53Q7MZWNPKC9G,Prediction Lab
w_01KFRP8VGAC5GXXW4S20W9C7QV,Test
w_01KFBBZEGSJDY038KCB7A8WF2Q,archi
w_01K353TRCBV8WTPJPAPECMZ1PE,calcs-dev
w_01KC30XTQFDD84Z875Q1KWT4JR,endash
w_01KG33NSQE0PY2E7WB8Y8SJQNV,RWK
w_01K4N6MSX33FCS9QHBX6DEK80K,Plain Demo
w_01KG2HYR5V4HJ9H09ZX5E02Y0S,Hercle
w_01K4T2RMDMN0V64MMYCM4C8JY5,Plain Demo
w_01KG0GQR5H1BWNNPTRHW4S5ND2,Grand
w_01KFJYJRBKAQHKVCR2WMKF2NP1,Space Dental
w_01KFGGMNBE5HA0SBBTBK34V6ZR,bily
w_01KFQZ8RP77NC4M8MTZ0VX9AD1,Merrin
w_01K5C2P1EZV0E3GKZKSFRAZ6F8,Cloud
w_01KFMTEGB9K43S08GR7P211KRZ,Shivam
w_01KFPPTK62WZY7RV66HB9TC132,Pylon Technical Oversight Team
w_01KE9KEYP0SJTBEAERKHM9BRVY,Soulside-CS
w_01KFGMCEB6RKFYPRTQCE7RRTJF,All
w_01K366NG8QBC4DP22SYA7BRDD9,Energy Metering
w_01KFMFJN8H1Y1MAX0BZPAT498X,Rainywind
w_01K4CREGANM02VX75HMFD8MA77,Circle (Staging)
w_01K4N6NKB4QYH3C3K8JPWM4BDB,Heber Martinez
w_01K5CZJF39TVDE8BYCHT6CR5V4,Zunit (Admin)
w_01K5D1FWSERKGV88WCNAKQZDEP,2
w_01JT6R586ZRQKK95DXMXBRZZJ9,Steel
w_01KEZ48Y1GZPN4PXQ41666E911,Active Test - Jan 2026
w_01K4YPPZ2RNKNX65XM9YZ398SM,Test
w_01K4KMV82ZBT6T746Z8M0XPVJ6,Development Team
w_01KETZXB7GB0YABQBH1MDAFP3K,anayacristo35@gmail.com
w_01KFNGR2VDZB3H1CQ4M6KWYE72,Kuno
w_01KFRRNR5H2AFXW22RJ2YWCEW3,Gerdy
w_01JSY7ZZS8QATYQ04X8RN2MZY8,Maze
w_01JT2AKY1XHKG11MF9MBTYFAJ5,Zams Support
w_01K5EC2K8M52JNPK4DRTGDZW2K,LeftBrain New
w_01KF155KP644E3AFJSJ6NB4AAY,Test 01
w_01K5DMHZ33A2Y60VG9M8CQPCME,pltn
w_01K5F9313NCDB2EPHX236DHWHV,Plain Demo
w_01KFJ1BYASVG3E71SK1Y8RYNXK,Nourish
w_01K5FF9YDK22PKZ87YTWJTP358,ProhostAI
w_01KE9YMP3MBN3937VDA3NF22XJ,OLIFY
w_01KG2NGNA3RHTVHMYHRDFEGCCC,Test
w_01K5CMHNKF42XZ6VQGJJ21VFSS,Blue Square Software
w_01JT5S5YJ1VQQ51CH8TF7PSXQ1,videosdk.live
w_01JT37AMMDG7PJVAA6HTM9BNP6,Push
w_01K5EX98RF6W369HWS8W2TXWEC,composio-test-3
w_01JSZCF3AN6NWYQ7G7SCR70C6H,Typa
w_01K5D2WSEYQPP17ETKRP9EQ040,Ariel
w_01KG20B2H914X0EHD5HPEGM75K,OEGL Platform
w_01K4NCKKGWNTQ80VRPK7MPXX36,em3
w_01K5HHRY7958TTHZVYFR5GSX69,Littlebird Help Center
w_01K9VR6JT54PKACF4D456NSXSC,Plain Demo
w_01KCNA0JVM7713WK5HZ4G4H2VE,test
w_01K5F93K430T9BJNKSH8HQDFNT,Plain Demo
w_01KFPDS0BV3DYMKV1AEMTDRDGD,evil.com
w_01KFWRWDZ73WQGZER28XP6CTQ7,Dfns
w_01K5HNGYF9EDKMXE9Y31AW932V,Mitch
w_01KEV9ZT43XC2YX3ATW38JDFS0,hjh
w_01K5HBGM6D61186Z71X67E1CDC,Rescale Plain
w_01KG0H3EABRY74B78FB13P0051,Kortix Prod
w_01KF16BG7TSXC5T7587X9W6C67,Plain Demo
w_01K5HZ001Q7Z0ADX6XPX08DS4W,production
w_01KG7VCEKFNNAYXF3WVMCPDRKQ,Closeby
w_01KBF8JJK2QSZ9KF67EM47BD8A,Clary
w_01K5GPKWY72MCYZZRPRQWXRC5E,Eclarion
w_01KG6WD0K74HRS58MPD5JPFZZA,demo
w_01K5H9DMVHJXNZYF3264D16GBC,FoundOS - Production
w_01KG80TKNGG6AXZ3ECWQ23M539,Controllr
w_01KFN0G43WV2FEVD6Z0CC1YWCS,posthog
w_01KFGQQY5M7V9ADHEYQ3GXF6T3,Moreno David
w_01KFNKRE7FS8G5C6JF6VWX5KFC,jaggu
w_01KFWFJYMNC85GHNA6KR3CKAGN,Test
w_01KG396YVM9WP8YJ5DPCWBEMRZ,Kitchnware Production
w_01KG47QHP68JHR6WHFR54J58SV,Test
w_01KG75G1WTP75HAB50Q726KBZC,Acme
w_01GTJQX4JG7K7K7JEVP85QYWQZ,Bask 
w_01KGG5V762YBXZZ0A0AW01KFWV,Portal
w_01GTKY2SE5FQ13V75JY88PN2TX,Swift.eco
w_01KG4D1H2052G65H4K0FHEY51E,HoneyJar
w_01KDN6WA6Z2RTQTY473F81135W,peopleIX Prod
w_01K9W3C03AB46K0QPNG0ARWQQY,Evergrowth-CS
w_01KFX63BF56KDC3ZMESPKVN6C9,tequipy
w_01KG4V09J1DV2HCX198M7S74K4,Prelude test - integration
w_01KGAGPNAMMMW7B1MM9SKCWWK5,Hermanos Coffee (test)
w_01K5N7RRAXG19Z6RNY43B220WK,Oryn Financial
w_01K5RVK5RSQ2QS5BX2B9KBPYH4,Thor
w_01GTKPDQM85Q6MARZXTBYAWREB,Les Bonnes feuilles
w_01KF1CK957HKFMKQ1762JAM0Z3,Wollit
w_01KEFNMZ3YFV7PE5T68C0CEE7E,botach
w_01KGBYPZJJNGTKB947H5MFEHN3,yukimicreation
w_01KFWFXSTC43AMRXCYEWR1EGAE,Celon
w_01KB2QK8Q12Y5QVAQJF1WVTJNC,Simon 
w_01KGBG8JHJD71J0JCKB787952D,Acme
w_01K5S6APCHAFTMTZ51V2XW2XK5,Support Ops
w_01KFC92JKZ1AHQ59ZH160GQXZG,ChatNow
w_01KG0SC5JDB7CPTACRJMBFN0Q6,Alkemade (Prod)
w_01K5P86E4K699GMXED8P7WBSZZ,hotel
w_01KEES52YPJ7RECXCRJCQD1X5S,MAZIC
w_01KEVAHVPFWRJ2TYJPX9VM76YN,eeee
w_01K4AY4MSH94SS76Z7H7MWPB5X,Plain Demo
w_01K5FB5APVY71K3HNFMFBMCJA3,Treeline (Dev)
w_01KGE3Z9N1Y3HGADH1Z5YKMN2A,LucidOps
w_01KF1K30CFREQFMERX15N7BF5V,Advisoft
w_01KFHC2T47369N4DGNVCW6VKK8,Supermemory
w_01K5SB1ZFQ740VKK37R66Z3Y0A,Acme (Production)
w_01KG7HHFEPAGW0EEZB4FQYTC2F,SSOlop
w_01KG4VPQTFTE3VQFAVWPCTTERX,Keboola (test)
w_01K5TEVZ81KXGGP3J448522P7B,Taloflow
w_01KBK63AD3M17EMXXXPNMDMRY0,Development
w_01KGG4AWH4MV3WP95YFDE493FM,Friday NPC
w_01KGD9DVHDG7NSP4JXS2T9XGVS,OC
w_01KG8R2FAJDNXMGP36DG5F8AXS,Baard Support
w_01KGH9B6ZXJKW11GE43KVX55AK,Voids
w_01K5TPHH0K1R2PZ728AZV11CN7,Newtone (Prod)
w_01K5Y4071EG4K5CF7KTDP3B8JH,midday
w_01K5S65WSG8YMZ0W4EZ6XQP7NV,Paragon CX
w_01KEVECK8CP9K19X7VSZVFRTKN,Campfire FM Support
w_01K31J8S11WQE4MM73TR567K6S,Nimstrata
w_01KC7FPTTGK0JWGCH321VE407R,FusionAuth Support (Sandbox)
w_01KFZQD7NFJ0XRADWP5BC0Z463,ㅇㄹㅎㅇㄹㅎ
w_01KF1TC5WKBNZDAM7A44YW9M29,Pilo
w_01FX0JV8SGAM1F4NCG40535AAP,Medito
w_01KBDXGTWFRETD9BCH8B2JKE7F,Out Of Office
w_01GTW5K9W9S0K9QQ15GZE2K803,Siberian (Main)
w_01KCM3MRFSE4FP3BZ4S60W0JMZ,MeadowTech
w_01K5XE6GTK28GJ0AHQTGQ974A2,PF
w_01GV0P12K38RQ0Y58AWTWRVGXP,Support (Email)
w_01KCMN22A75JQJRJM0VHH4810N,OTC Operations
w_01K5WDCKGCRQGWSMHKN4D7Z91E,Cntent
w_01K5X7T7FN6PX3T4X18Y66QQNA,Test
w_01KG4X0FKS82HWMESA02EMKX10,lbf
w_01KG99RMDZW4FEFF8M1RCTYQ2R,fdg
w_01KGEVC9T0ZKCYQFQ20GJN1RXR,nutima
w_01KGFEJQ5GP41BYXCRQNQ88HKN,Mimi
w_01KGGRXHS6R4QC04K0PJ9P18MD,awdwd
w_01K5XJHP06CN8RBXJJXPAY182V,Stage
w_01KGHXNWXH6E130V9RVEGXNBS1,test
w_01K5Y7SHQFYVGA6QVPFHEXHCZV,DevRev
w_01K42FES3YDJPRP3SRH2N73VQ9,Payrails
w_01KE98PYDJE8R729V16PTK8G0G,voormedia
w_01KBG5NYSNWV704PQVGZM7M379,Production
w_01JSYCQ2HV3S48M4RG32EM82MQ,atlan-dev
w_01KGF69CBFVSVHZQZ99B9MTWHH,Neo Support
w_01KF1WX07G8CP30FBC94KSWEVP,LiteLLM
w_01K314QB7WVAWC2JMZ39RX51AD,Slack testing
w_01K3N9G7MT8SNEV9A7WRHHH3E1,Plain Demo
w_01KBMY2MZNS5XCBMA8EP11BJRR,LiveArena
w_01JMCX12T3KCFX868SY4HTCY5N,Latitude.sh
w_01K60MMB7YK5YXKMF0C284SS4Z,Ashby Front Importer Test 
w_01K60FHCBVV5G8TK98R84X1FQ7,Instantly - AM
w_01KG30DVPHYTAMT9D6DJHDHZ8E,CoveMSP
w_01KD6W37JEAR3SGNJ9YNFGDG2D,Raindrop
w_01KGEQXQ9VPSDVS2WMAG2MWZYF,Stacks (Production)
w_01K5X7W5F7GJVM8B164H6JA1M4,Plain Demo
w_01K5Z9EC1J2Z61R54SZAMX1HD2,AutoRFP.ai
w_01KG0VGKB9DGBHV20NKW09C4VY,Meril
w_01K5Z4PAN6AWEJ92TBMMJN4P8S,Plain Demo - Frigade
w_01GV2N7YJDCGTHD8XQSW2ZDP6M,solvice
w_01KG4X78PCDY2R1PZBC4T32A8H,mikes first sandpit
w_01KGFJHYTDQ2FFDW0MA6GC6MYC,Worthix
w_01K5YP7KJX93XQCR53ZAK7VYBK,Plain Demo - Hubble
w_01GVB6XWY8816FBE37S7FPMN9J,NFe na rede
w_01KEVWWJ23BZMPPMRSWW81T8N0,Fail Fast
w_01K638WX2RHC0T1M07WSSKQHTR,Qlty (Production)
w_01K8X8BK9NB93R03CBRB4ZXS6D,testttt
w_01KF8ST6XDYY0RTN65W9ADB0QH,Precision
w_01K9WBHA2N2TN97Z8TQVXJG90A,Scrut Support
w_01K5SA7C6X07V2QX7HKR4RFCCE,ZeroPath
w_01JS97AZZVWEJW6ARXZ0JVHBR7,Lumofy Support
w_01J9Y7377BJRT4K9T1CVD84ETW,Laravel
w_01GVPAVT3KDHW3F3MWKNBDAYBV,Resend
w_01K5E6C13YGVMMQMNE5Y27GBNA,Plain Demo - CRMs
w_01GV6XR2J9T5ZXQRYXRY5WVAJF,Flighty Control
w_01K61EW1CSX4TPVCMWNRVAJQS2,Project Blue
w_01KGFN0AE45HNQX0JB8M1SEPAD,northbeam-plain-prod
w_01KG4Z3K2YF8VYRSWE95C6VATJ,Cedars
w_01KD4TSX6WPBKTW0QZHWDB1YFD,acme
w_01KGGR5DNRMX4RSMC2767AXG5Y,Modall
w_01KG0WTW4YCR4TN2G6Q1FWHKD9,solution
w_01KGFC7NE216XPDXVQNPWDYZSY,256421
w_01K60MW2R0GWGC2RC4W6ATEV43,Plain Demo - AutoRFP
w_01K6338DNJE7255WC0FCW39R4E,Ameba
w_01K63AVGYMNNBE3KMKHAJSQ0F2,Polytomic sandbox
w_01K64884N167XENMYD32CXKXPF,Test
w_01JTCA4MDQH6PHBB77PCSGVEKP,TM
w_01KEVZ1RDVKECS82H9J15A31G5,ok
w_01GTJ50D27JE4GH738264JEF40,AppTracker
w_01K69H2Z77TJWD02BFBW0ZGZ72,pltn
w_01HV1RMY8GQZDQXRAKXRT0KBVD,Octopus TechOps
w_01KD0Y5JF5DSZVDBCGABY4ZD1E,2112
w_01KBFS0N3H6V507A5ZS51WBBF3,Kanzleikumpel GmbH
w_01GVR62X6TG1TDYYVBKPYFBYME,Replay DevTools
w_01K68E6HX7C0QWGGVBA7QVMS85,Ashby Internal
w_01KD7QK708PVS4HRC154F0HSHB,AnyTeam (Production)
w_01KGBMFDB564D7XGFN55RT9KQG,redforce2
w_01JTDQ1JYFX7QZJCTK8X7W882X,KOI // Clients
w_01K9VR7Y91BF6FQ099T589Q69Y,Plain Demo
w_01K978VEGPHZ35VG8X2CS6QNX9,Plain Demo
w_01K4EQAQET5T3SA6B2FZCWR5W9,Licorn TEST
w_01KGGRKR84XBHRA8TT0R18DF2W,awd
w_01KG10TH54SXC5BQ3XW814XK83,Baard Internal
w_01JT9RGZT1ZEAAKVDPBENH9XSV,Daydream (Production)
w_01KGFSYQX897RBMNPT27FNSMZX,test
w_01K659G3KV38AQ9NK4J0CHX4K7,amjid
w_01K65V5SV85EA69H2R4CWFDPSR,Medtrics
w_01K68GC5VDP1AXXV8YYS7MAH5X,Plain Demo
w_01K68JS4301K76G6ZQKVBBRH8Y,TestSlack
w_01K695MY46T96TD3DB0BEJBPQZ,Flowtion
w_01K6ACM2TDK14P8162KXESSFG2,jitso
w_01KDMR14Y2K424KR1CR7FA0QKA,NLABEL
w_01K60NNK82Z3REST0Z3243K18F,Zenhub Support
w_01JSW1D7SFPZZGYWPA1T4WY8KX,VetyFinder (Production)
w_01K6E37W0Z27P80R7765HFSSKZ,[LOOP] EigenLayer
w_01K97ASRK4YYTNW0Y5PEVB2V5P,bmpandrade-test
w_01J21ERNR0X324PYX61AVVPPEV,Yapily Support
w_01K6R4STRJMG24B91PAH8DQK1S,imin
w_01K9YXJK7D63P9AXH7QV86QET8,EigenCloud (LOOP Prod)
w_01K6CK5FH47J1HFDTKDPGS5TM8,woolf
w_01KEEZ2BTPR5BZ2ZRKX5EYQCXK,Night 
w_01KBYWNMGFT8XHKZ59306C07W4,GoSquared
w_01KGFDZ6SM4W7XJ7RMSGC7DWH1,{{7*7}}
w_01KG11DE1YZ0V8TG7GPH18NHQM,Chengdu Zhihui Anxin - - PoC
w_01K68GEGXQC9BP0FYF83JWVBBG,Plain Demo
w_01K6AKBHNZ9ME08VA20C2PVJB7,futlow
w_01KGFVBA7E4RYBB6NCVZD761VK,Prod
w_01K6AZ7BQEFNDB2FNA7QJ95M9C,heffl
w_01K6BW59385SP65QKS1QZPGWWH,Plain Demo - Highbeam
w_01K6C7QEW1R30XXRCP26WB505D,Acme (Design)
w_01K6CS3A98S3PTN5ZAD9CXZ5K4,Water
w_01K6D4V1PTQKCCVJYT18FCQH7R,baudelle
w_01K6E0C4NP3GC5SQS0K3Z29NPX,Tapdash
w_01GHEQAX04P2AJ35Q386CKVF0S,Efficient
w_01K4VMEQ2SNKXCZJT1A5FTNWM2,Korey
w_01K469ZFPK1A2XR7X9P7R894W2,Context Enterprise
w_01K4AC9SQDC0V5B7QAS9KTQQCE,composio-agent-testing
w_01KAV6ER6GKJMHSWMXRNS4K3Q1,Atrium
w_01K3NG4NF0D67JT8E5ZRFDWKDW,Richard Test Workspace
w_01K8J5KTR00BP9G19TB6H816P1,Pop
w_01K97VZB8AMJP87DXXGD9W5R95,Test
w_01KC56BCH6SHYT5Z7KZQX386YB,dimitra test
w_01KGHHEP8MAXKG4KSE432TN2TT,geregr
w_01KG541P87DS83GMW5CMPFZ3BV,Nolo
w_01KGFX55AJ0TY40GDS8Y2A3K6B,Omer
w_01K31X7N5K4Z1895H5D3DHDAXJ,Topsort Customers Communications
w_01K6FA2VAQMKSESM97891P2G6G,wtewe
w_01K6FKJZP9NKVP80B9F725D778,Plain Demo
w_01K6G43TCNWCQ3WTC2H2ZH4TDR,qrydocs
w_01K6GCCQW45DAQCHBJ6MKBAJMS,test222
w_01K6GGVGMX14KQX0XGSDJ98F8H,test
w_01K6GJ13MMZMJTXPKSKGZVZGAM,sgsdgdf
w_01K64EAJYV9NZ8Z124339HJ05X,Michael's demo workspace
w_01K6J45J2J8Y3KXP21VGPMKHPD,تكنولوجيا الحدث 
w_01K6HRGXSPG58YD8G57B9EAX51,Plain Demo
w_01GWJEGS8Z035N1PQDG6HY3YZG,Diagram
w_01KG55QH3EX6K4X6P3XQWX7PYR,Jordan SSO Prod Test
w_01K95VFHPKPY4ERZD73YRRR0RH,Sourcegraph
w_01KCARPFQG8RYWZ08W2XVS1CYP,Plain Demo
w_01K6KDMZSEZY29JCPCBAER7009,Woolf Support
w_01K6KWAEFTSJS9SDQGT43EQ21B,Answering Agent
w_01KGHTR3X41WHNPRWC1GE12WG9,Dapper
w_01KACJH7MVHYCFYSPNC6G2NAHE,Adora
w_01GWJQKVSNTCKRMHF8WGV75KZ5,WasteAID
w_01GEA8XA919TVE0QJV6G65PKYW,Message Aid (Production)
w_01K6MAXA45G56H5GW2NTS4KQGR,Cadre AI
w_01K6MQKJ6K2072H83F9WG8J8TS,Measmerize
w_01KGFZB4Y9SGG424R4KXDGY9CC,Customer Support
w_01K6MNGTPEE61ET64J6FF3B0GP,Catarina
w_01K6JY2T7PFYBHBJECT1VKK3AA,Colinbentley
w_01K2YNP9ZZM18EJRQY17C7X7RH,lemodesign
w_01K6JB1MGJY9TAD0BWG4EFY4M6,ezofis
w_01K6JQBK6EZ5JZD3F6EM6TD2T4,Colinbentley production
w_01K6KHXM3J708W80MTPGY622DC,Cole
w_01K6M9CN1BAYBBNC2Q051WXX08,AFG
w_01K9CEG0D7C88KJ1V3N7GG9JQ6,Vesta
w_01H3FZJ8MG74GFXA5WA3MPB446,Mintlify
w_01JTGRBH1C3C7XZRSEQHN92JRV,Distyl
w_01K6MPFWR454RKJ7T6CMEGBX3J,EasyBiz (Test)
w_01KAGXKGNFJ8HDGZ2T8YKY3FNN,Hera AI
w_01K94QZ0ZK50289DRR4D61C33C,GuestReply
w_01KG55VPGF9651XN0V79E2M083,Portable
w_01K6RMDY1JE02K2ATH4DPVYGDR,SignWise Inc
w_01K6N2374T8XZYHFXSBGN6HVHK,Docpier
w_01K9N6WT4AJMZGDW3NCKKQQQDD,Gistly
w_01K3KYE1Q6SA3JZVNKP93EF4P8,fairglen-prd
w_01KCP24KBYQQ8X3NA7WV84TVNK,Amplio
w_01KBZ9HWA5XA73AXDG2WKQY0QE,Stiv
w_01K5YP2V1JNGQ3E73P4V9BX4HH,Hubble Demo
w_01K6NCFH4G3YSCPCJCNA2A89PH,Scrapin
w_01K6NRYNCWMNNHFW524XSS0NAF,test
w_01K6Q3X9X6XCP6B4JP9PCZQRC6,attacker1
w_01K6P2Z3SV3E376F0Y08FDC8AX,Javier Sanchez
w_01K6SFHB2KZ8N6CJEB10V0M2ZG,dssdgg
w_01K6SVS7481MQ5E43HPB5CJ0WV,Wi-fi 
w_01K6NKDE589W2XQBTHD067GXHE,Crustdata<>Plain
w_01GWWE6GM1F0F57V1PK43KKNC9,crowd.dev
w_01KG56BPH2DAF39QJZ5BZY1Y79,HEC Workspace
w_01GTQGJA8AEMZBZTV64NSNRZQM,Braindump (Production)
w_01K571XH6HQ7ZM5E5KBAHCTG54,sourcegraph-support-old
w_01JBVMES6ZMKZGJKQCS0SEMAX3,Raycast
w_01K6TAEW2HQNG8EW691DMPVF5D,Kind Kiosk
w_01K6NC5NH80FBY1CYGGR92SAP3,Fruitful (Production)
w_01K9N4HSZ5B6E7937X4XN07566,Plain Demo
w_01K978R8E94Z4203NWBDTN047R,Plain Demo
w_01K4HNKPJ93F0300BAY6PCWGNH,Carefully Coded
w_01K6973W6WBD59VKP6PSDCKCS2,LLC
w_01K6Q425GTM09QQBNJ24THP84B,fasfa
w_01K6WHMKQA1NH95ZWRX9QD1246,Catarina Brito CS
w_01K6WNJ53EE2VJZNWQ9TMTAQZJ,Plain Demo
w_01K6WW8600VXSSSCEP34AK7YG0,Plain Demo
w_01K6X6AWPXE4HBYBC5VRHMRE7D,Mvnifest / HVN Logistics
w_01K6XJPA1KBXY00SHYNE649KE1,CoreStory
w_01K6XGBG1DF3Z54RQB1DN1DTZ4,Plain Demo
w_01K6XRNQ6SHS2YQYX38WZ99P8D,Plain Demo
w_01K6ZBTB355D97A0FGBS0SE4VV,Ferndesk
w_01K700JDER3SSDWWJBRMHPC6WS,test
w_01JRFXKJD7T2CNACCFAH299XT1,Langfuse
w_01K71FK3D63ZWW5T1960XD4E4N,Support Trial
w_01KA9X4C8GG1265FSE2BF07DTE,Superframe
w_01GX9G7T1ZH51ERE7K5ZD3KYZX,Loophole Labs
w_01K6ZE76T66EZ73WEHVYX4KHSA,Technical Support
w_01K2Z22FQY41TQCW82B9XD1ERC,KR
w_01KBE7T4S7VVNX9F9JPQHN9FSK,DDLoop (Test)
w_01KCS5HVVQ8J1DJ0S5VJ89Q5SC,Ignis
w_01K6WP8JPJFZBJCQXG173V4E78,LK
w_01K6XGBXVVWCQ06VMWJBR37JG2,Plain Demo
w_01K70821NSPXXX7FHE03TBYFG7,Hedi
w_01K70WRZEETFKSRN15RE06HK4Z,ALJAYZANI 
w_01K71J8HRAE7D2DMCQ6TSBJZRE,Catarina Brito
w_01GWYJN2G2M3JM57Q1PNEH477W,evecloud
w_01K72R3CJVS2S8CVDSPZKFBV7G,Plain Demo
w_01JVGR0B7ZZRVAZDF844B7YKKY,Krea
w_01KBQ0A5F1XCG1PJJARTTAEPNB,compa
w_01K72R6AX9M7FSM5SWYNQHV0W3,WMC Parts
w_01K6Y53VC7NKHBV67TJH1KBKKS,Onyx Platform
w_01GXRGQ16BM7KD4FAWMBNE9FEG,dacoto
w_01GXEC7VCVJCTEN0WYBWSVHEK5,Passflex
w_01K2ZXFB4CJVJ7G7AW098AE32Z,Anytrace
w_01K9D532N8F90ZCPA9JXCRGHFK,Internal
w_01GMDXZ30NQAAS6P023Z5FC9M5,Studio
w_01KCSGE4CA0H3HWWRK984KD31C,Montra Interactive Inc
w_01K70AGQE5JYWGX2GVJBFZ8KK4,n
w_01K71ZTRHTC1WR8TCWZ59XVDKZ,Max Test
w_01K750VN81Z9M832H4PQ696AWW,Bland (Self Serve)
w_01K72T6M7ZJW1BKFF9S4PQ0TGC,WMC Service
w_01K74EE1BXCVQ3J6FV499V6EHX,Luke
w_01K75DAKVZPFWC1JCPTJNR1GJZ,Test
w_01K76J3D2R2RE9FX7PRMQWSD2F,BTO
w_01K4MQ3YRWV6C0V1TM3BWK9XX8,n8n-creators
w_01GXV9SSC864HJQW2SD9V362YG,ninetynine (Production)
w_01GXV3Y4WK5A8JZVJQW7WYE5SR,sonr.io
w_01K7526F240Q76WXXA7G4HBNWM,Decimal AI
w_01K6XJPH6J512RPZE94WBQCWV8,CoreStory
w_01KE94H9876ZTBMFJ7A99K82EA,Test
w_01K77C9XE6081FFYBM9GVXK724,Twenty
w_01K3HPX69849MF91KAYKTY9NX6,Webplo (Production)
w_01KAVEE7ZVJAD2WGZYH840CSFT,ACMN
w_01K6ZHV6713REA0JWYFB768D5T,Plain Demo
w_01K7237B98R2QVYKSH657XNWZ1,Pedal Me
w_01GXXEFTAJ8J48TCZ926W6N506,Logseq
w_01K76Z9H328C3NN0DJ1WNRXH5J,Delete
w_01K7861Z9G266979C86CXJVKMH,Onboarding
w_01GWVJ5WY7QFPZ6G3M8P385BP0,pilvia
w_01KCDWN3V9F4QYZNETKSVBJ5M9,Sensibo
w_01K7ABDGWS0RQY8HS6G7WZH521,Micro
w_01GY7YST7ZGYEXPZR1EKSMD7J3,ProVision
w_01K7C778RDHBGB2M2YA4QZG5E2,Playground
w_01K9DJSWXJ4KT2FTDSMB2K6S76,deepsource
w_01K7A7K66QEBXCPPB4A4N17KVE,TenderSuite
w_01K3J24TV4CS5JXRE1A82FP6A8,Float (Prod)
w_01KCARPSNEMQW0A4ECNV7Z1JGZ,Plain Demo
w_01KE9AQXSHKJG44HQM87606JHJ,Kaung Hein
w_01K6ZHVQTXPQNXECAN92ZY89EG,Plain Demo
w_01K725FTCREGM2YVS5W995HX4V,Griffin Fincrime
w_01K78PJZ4RV0GEB2QN2SWC37XQ,Peasy
w_01K76ZAV3K3HBYP32DB80HAF1J,Netlify
w_01K793JXSNHC6YSAQBZCPJ1A1S,zedr
w_01K7ACKMYWT6FCGHNX0DMPXJXW,kh
w_01K7BZYSVNHNRR8E8RJK10B0JS,Dawul
w_01K7E90FN773TGBHEK7TA7YCD2,lvl5
w_01K7EBBH2ER4AAHRMFG8FXS0KS,Plain Demo
w_01K7N7VF7HZ65DKFDEY319PK7F,Emma
w_01GXV0V9P6EGDYJKK4C6G53YE3,Dotkom
w_01K3M0DRTQ0037SAC8ZX592P8J,Benzinga
w_01GHJW6EBJ3DJNZ2S7M4YAWD66,Colabra
w_01K9ENRQYHMHT3Z96THC86TFQG,911
w_01KCB57DZWQYA2YMQX55K6S4B5,Everhold
w_01JTSE1SD7QWXCTHYQ0CTJM7M5,co
w_01K7F5FEJTSZ0JH90R7778PMK7,Continuum Support
w_01K9P6HT1B7DQ4ZMTQGYQ2BS51,Arena CRM
w_01K7ETCYPZ500PHGDB1H1EYP3Q,EcomShot
w_01K7J6FD230D0FNWBWV7AT0AVY,Iris
w_01K7H9FAA8CWARMSB5943CNXMD,Hinto
w_01KCP8368W9N30C60JRYR3QQ7K,Axiom
w_01K6ZHYQBS9N1DED7QMYXTD8XV,Plain Demo
w_01K7GWT4YVZS5BA2SNVKAPDA6Z,HK
w_01K7F96BKCT44KPPC1EGPKKSEM,Rails
w_01K7JV5QWDPW2CN4BT9HP2QEXA,test-workspace-steviesh
w_01K7KDTZHVGSZEV8CHXCEP8H9K,Ralf AL
w_01K7KSBYPEVSP2VWRR61SMCQR3,Introist
w_01JTS1WNHHFVWWQKT27V6G8QW9,iWatchMax
w_01K7HQDE6440JG7B8S8C8Y2EX2,second front import test
w_01K7KZE2Y43D8A3735JSNZSWH4,Tilla
w_01JTVVD88CYM1RVCZ01XM69BSZ,Talons
w_01KG4RRF88CE27E9ZFXW7T1VA4,Staging
w_01K7P4DS6SSTRC3AWRKXPZ5BK5,Humaans
w_01K3N6NTD02KFJB8NZ6KZY39ZY,skarbe
w_01KCS6M1BYVA4R6P5512W0RAV9,Plain Demo - Cole
w_01K7KTBE0FG1680587ZK909NVV,Plain Demo
w_01K7MY61FC3YKWQY0HPWTY8VVS,testttttt
w_01K7PD8092MHCZQ5DH9K7WH5YA,Impulse
w_01K7PFZ6RXQV52E119N659F99M,Forest Admin
w_01K7PG53J5Y69HCZ42ZYBPJPM8,Forest Admin
w_01K7PDBNB5NFP8K0D903H12TTD,Dev
w_01K7M1WMGZKA89GX2FQKS2MCJX,Synnax
w_01K8W7M2R9AJKSH7VNQZ42TWXV,Budget Mentor
w_01K3N9BVFRFKDJT9MJ959NFEYA,Dans Dinners
w_01KD2PW8WY4TAZ14QRQ391PQDK,sdklfj
w_01K7KTCG1BBM700MFB1XEXQYY4,James
w_01K7MY8K71H08508NA7J8DG3ZE,teessssttt
w_01GYTG1YB17XRYWYEA249P65KN,Yorlet Support
w_01GYWT382SCMBPHDJDY3SESJBN,Supertape
w_01GZ9NEZJY6F418AX1F039R6RM,Support
w_01K8TZDXT0XDBQ743PQ6JH87P3,orchestra prod
w_01HRQ35CNGKNZHKHA82NPVMAGA,Sanity.io (Production)
w_01K7QAC3EYR9BWAS1JFTDRXTEC,Seed Labs
w_01K7RZM4S68E3Z616F5D2DG6TR,ar-n8n
w_01K7SAXV00ZK7HEQNT4A7SG21A,n8n-staging-support
w_01KE9GW7F1CRK0340ENZD00R08,Velou
w_01KD3538RWF5ESNET4N4T475SA,natively
w_01K7MYE2NGCE8XCYHDPNPC3TX0,sefsefesdf
w_01K7M2GH138XDJX6Z7WR63ZJR2,Plain Demo
w_01K7PESY9JCHAEVMJV4P0GN7Z2,Int
w_01K7QD9HTAWR1W2WTBJWAJ6EA2,Yeon Cloud Solutions
w_01K7R8XP8PS04A0X373DBA9WZ5,MAN
w_01GZK2NDT2JACJBV714AYJSQGC,Brand Archive (Production)
w_01GZQ6W0ZRF6KHKXG8HYY13Y2C,Production
w_01K77C9AV8KDNCH4373BWR2DYV,OE Devices
w_01K97918EJKV9APCQ1KV9MRBP7,Plain Demo
w_01K7M64G6YCBD5FS89JRHTHA3M,Demo
w_01K7MYHD5T9PH2PFE26N9G3JFC,sfsdf
w_01K7V46SZZ9SAEHZ17AGZGPBHK,none
w_01K7VE5TZXB63V04QX6AEKAG0V,Lembrete Certo
w_01K7W5NG574074HH5A7CTR6TE2,Anri
w_01K7W9H6TG45GCS5SKSKWNBSPR,01608826545
w_01K7X942DJQ353NPREX2XWC49J,Formo
w_01K7Z0HQXNM5N72J7RKRY34YBW,romeo
w_01KCRAYDAVKZW04B6F8ZY2SG01,Insait Support
w_01GHEGFNA1NC6QEGX2NMWAV7RM,Plain Demo
w_01GCH7WJB8SKM8ATC35QA9PQ94,pycon-it
w_01JTNQC3103T0SS1QJXSXVR1M2,Metronome
w_01K80WJ99E42QAMPS879STXGBX,GTM Ops
w_01K80F8RQJM3WES6X8DM6R3Q42,Evergrowth-CS
w_01K7JZYHDCMXHKCXH6DX6Z3V9H,Verdocs
w_01K82P9TKJM7T8QS1VMTG1VDJJ,new internet inc
w_01K9VRCVFPC6H7MY6N1HTV726T,Plain Demo
w_01KDEB2YETFPF3VJJX85R54RTG,Legion
w_01KDKQHBJKN1EMG1R40MEJBJY7,Fred23
w_01KCATA33ZDWWHJA7TAXYXXHZD,Plain Demo - Eric
w_01K7M8BS5S582HC6W28F0P4ZGT,Vercel Support
w_01K830YVJ0NANG50CZQARFR0BR,snoop
w_01H0FYA4MPS6B4PQSEP655PFR7,Support UN-EV
w_01K82Z11F3P13TZM7HHVZ7QFJH,LL
w_01K3K80CH6EVVVT3BEDRWD5TZE,User guide
w_01KDF4BCH0BV8919P3J9P3SB20,Vigilbase
w_01K4QG29QMVVD18S8MKMZKAMJF,runs-on
w_01K7MAQ4YTRWWMTGBM3FNHJQ5B,Highbeam (Test)
w_01K7PKQYBF7JDQT3VJMT4H1FQV,Gizmo (Production)
w_01K80N1XY9RE0V2XMSPGQYPEK0,test
w_01K810ADTQMGQMVVHFZS2MHG6E,iranthi
w_01K7MES226MXS4SSV8PHGFW129,Tax
w_01HG9EQK9NMCGHX9T31K7F5XRJ,ScaleMath
w_01H0GA0ED3Q1J8RZK7S6BQHFJV,NMKR Support 2024
w_01K7PKX2R9PW4TY14E122B9AT3,Test GP workspace
w_01K85HE6TC2ACC6ATRHY0D69MQ,support
w_01K97YMN3H8KR94FTXTK1T4VD9,Tolt
w_01KDF7BG4AK1GC9SSGB74JCAGN,bestchoicemarket
w_01K834PS96C57E8HETBM74S2C2,Leafe
w_01K83TF977N1YA3NQ7YSX1F27D,Auditory
w_01K9ENSMDMR2JK0G8J1CNDPA8M,I’m going
w_01K88BFWRMWS6CXTDRM08QP6D9,VIP
w_01H1B3MB2PQKSH9Z1CQM2QAK28,Onward (Production)
w_01K7PEFAK5J0VM5QBJB7MW49MH,Native Systems
w_01K85R8CT3EA039PNW0VZS9G0G,aampe-plain
w_01K7PM4VYXG28ETX3S592M0BQB,Netlify (Full)
w_01K8369WDNFT5HZ737BDRBZKKQ,Plain Kota test
w_01K862D1E6B5D9MV0JH6TCJ5FT,Devyce
w_01KCPRGNM37KKCHK7ZZJ5BC9JS,Vigilbase
w_01KBGVQQW42C459QMF8ETJZ2C5,Victor
w_01K7MJQ2B7CK4TQNY8EJFECZPS,teste
w_01K85ST723EDPGENFF2DPSQ7WQ,Plain Demo
w_01K8ANVMW8BCBBXYQY2HMXR883,Sketch
w_01K84YNS94CWBTXB40N4PMC6W0,Premonio
w_01K895V92PF4FWK3Z03C17RSPP,test
w_01K893VHWD40CTF6X7QC2590MY,Mindsera
w_01K9H7MDPG134P6MB2JEFSA1JN,Plain Demo
w_01KAY1KXDFAGA487E149X5TMKA,میعاد ( فروش )
w_01KDHTPV2PDR83YKTY6X9M7MS4,Oneprofile (Dev)
w_01KAVFPSESBCQE5AZJK1JVJDK1,Langdock
w_01K7MSYVY3300ASWEC876PA30X,Product Support
w_01K88P8Z68XC373F5NAX5ZWXTT,Orchid
w_01K89K0XGCCEY6KJC4CHS64WXV,Arcade CSM
w_01K8AJK962WGX28NX8BA95DQVJ,hej då
w_01JTRGC0GEKE4M9WF2GYHDJCGR,ChaseLabs
w_01K9HZ3JJ3SK9K8PXYRA4S6B6F,nafeed
w_01K8B54HAMFEK6FJ28XYJW60F6,TalentRiver
w_01K8D9X0F7083DQW7KZKHSG9BG,Syft
w_01K8EFH89Q3T5NCGY98HDC886G,Dara
w_01K320TP8GZ28SWHDVPJRAB7QN,Plain Demo
w_01K7MXT40BTG1P3MC3SB7K92SW,testttt
w_01K7PVR2EDC6DB86Y69BZYT7E3,ClearTax
w_01K867YWGENNJCAY84CP6N1YRW,Helpdesk
w_01K8EV5VVG5F83MBCR14XQX87H,Dev Team
w_01K8F1K2H1ZKVTYGDYP93BRCKH,rimo
w_01K868A3Y07K7QK4BWPAMK9F4X,Support
w_01K9KQ2GH2GGJP8Y77K3XK974D,Impulse CX
w_01KB3069SXTQPQDMW7A9PAJT4T,PB
w_01K7MXY4GPSAR6VWZD7G8EXCCZ,test2
w_01K7Q2E2ATZ34A4FXVR7T97C8C,test
w_01K8B57262Z7W7YYGDCXPGP594,Yapily Finance
w_01K86H5CXMNGFNW3W2GF06YQRZ,Team
w_01H2WZQQ6PRNNZ1FND9V5TCXSK,Illusory
w_01K3PY2ZV5A60Z750DDRTVFTJQ,skarbe
w_01KB2FKB8B3R2QE1V4PD49FA6J,Plain Demo
w_01KFXVZ5ZJ1ADJ6GFHQGK2SMSN,Vigilbase
w_01KA1BA9FVT7FN3P51EY6RJQ43,CleaqOps
w_01K8BH2NZ4DQPGW62M5T3VWJXH,Dailybot Inc
w_01KCAT4TJ3W4X2JFTRVBJQ8HDJ,Plain Demo - Carl
w_01K4RFP82HDKHV3RHS68HMNTWA,frank
w_01H3D40EMAG3DYG591C2RZDD16,Trigger.dev
w_01KBD7SHJY3DK4W6A2ZFVNVRY4,Koywe
w_01K320V0X3JW6DWHRSJRMSVC3V,Plain Demo
w_01H4FHSJH259549YJXNE94BXFT,Mixo (Prods)
w_01H4ZBWRW5ZZ3BS45JZJEBYACJ,Mixo (Staging)
w_01K8K1NGYRDH3CQM8NXS2C8XE0,tallie-ai
w_01KA1PJRZK7HN1HAQ41QHPX7PB,comstruct
w_01KCRGS4848WYAW6720NF17210,Tester01
w_01K9FREQY9JZ2QAECCT22E345S,Kitchen tournament
w_01KD392CNX6YSV9YKMXQ49SP84,Plain Demo
w_01H5EFPQM6GYX949VM5Q9KTBVM,Ozee IO Production
w_01K9WDYRY0AWRJE1ZE0DJ8MAK2,ng weiii
w_01KD61M2A2YMHQBYN5PZCB8QPX,domainlogi
w_01KBZBZZV171SN88SM5M8ZB4JW,Helply
w_01K9H7HKCZWZS3ES0PWAPTHW83,Plain Demo
w_01KDHWDSCHWZD92RPVZQ1V82PY,Majida
w_01KDMVPBD5MRA0RVYZZVN006WK,Jurnie
w_01H69DMK142RS3A9BP2E8X5WDM,Volta
w_01JV54M89FT70P7NS3A15KAD69,Violet
w_01H6ZXGSC87VBTG6NENQHZH1C5,Unkey
w_01JV2KSTSEHZNM0JCEGHXJZQQ8,Team
w_01H713FXP5N57Z8K47T33W6RWH,Tekalo (production)
w_01K9H7JC9R6XPZF9QVTZNDB23S,Plain Demo
w_01KBGCZ65Y1K6GVH7HNN8FEQQV,Product Intake
w_01K1GYPS42144BCG47TJ40R7PB,tesrt
w_01JV56HBGSNB39564TD5HEC7AY,Francisco = Plain Workspace
w_01KA35TZMBFJE4D2MM2GWMATJH,Iiyfzoyfzyzdoyfzooyzfdo
w_01KDNEF7K8G2T85VZ1CSHAY4RP,Circuit
w_01K56J8AZZW6C8V285BSWRZ771,Test
w_01KA2374RM4Y5EPN3QS9KRAN16,Neo Agent
w_01KE498YSRTX2G68K6CWMWV5NP,Ivelin
w_01K320Y0HZ32N7658CJD8D49GV,Plain Demo
w_01H81PBD8JRS9PXTGPNVDDF4MB,Teampilot AI
w_01H8M7AZP1M9MG6DVQBV66RAHK,Pres Test Environment
w_01H993J0HBS75TYNV4VKYAGSP8,Knapsack Help
w_01KA28ZG8JFB6CK1HWBK4MCYAG, Acme Inc's Plain Account
w_01K4MMD7GBGB9J7T767GJ9FATZ,Plain Demo
w_01H8MPBTQ1H9Z13H1ZM5T8SRY9,Inngest - Dev
w_01H965FCWNF9SWKZC3WC6A5XQB,Stride (Prod)
w_01H94CFPEKDTRTV7RXSKWJN74X,K42
w_01K9HZDVM0SGEBTHA79K9AGYPN,nafeed
w_01K3QXV4XMTW53N30BKBDC0XGB,Plain Demo
w_01KE5AN5ZRF5RZ50ZE8JNYNG5V,Akinon
w_01H9BD4KEREE0TYMZS40D6TE7E,Lemo-Design
w_01KA57ZFY57HBEPPASDAY7BX9F,Allan
w_01KE5WGNTEV83GXKGG1168BW3F,O X 
w_01HAQ5N757DAG0R7JTXZ4MQYKY,Stytch Production
w_01HAW20HCFZ8ZEQ1DECPH5575P,Depot
w_01KA2GT3W5TE44TP7YBCSTZQYF,BTC 
w_01KE918XSHJP5A0D7NWEHWS1D3,G
w_01HAMD2TEE3FEQ3GGQH0D4F5QQ,Mergify
w_01HB42D6X8ZFSFRCENKP4BZ19Y,Common Fate
w_01KA5TYHP6S8M71Z20YE084FRE,financial
w_01K3P97PKR3F07TEJ2GMEG23MZ,Plain Demo
w_01KEA4C53W5A1JVNA9ZM9R73Z0,exb
w_01K4PWN6209CKY4GJSPRGM0ENS,Ari
w_01KFY0BB9NKC7XSTKJF3C9MR9H,test
w_01H909QQAY6HSAHHKQK3FHY4FJ,Valicit
w_01HBR74R4TP13M314A31EKMC24,Krutle
w_01KA68HPJW4GK45X2HEGH0BRJH,Capital Golf
w_01KEEF02Y9MXZB531CDBF63GYA,Vayu
w_01HCKBJB108VSMS6EQT9V1FVTE,HOGC One (Production)
w_01KA8HE98QG9H2WRG8D6DXYHW3,Vendorvue
w_01KAVQTHZD520F83RT77AEQGRB,Stellar AI Team
w_01KFGE61JXSJYWQB4DRR7SQM40,lbf
w_01HCJ2S58FGCE11GQFPKQ2XJZX,Valise
w_01HCN0KVRP9XK2V46VSBYM64D7,Rogue
w_01KA8RDNKCZQEX90QYHGT8MPSM,Tenderly Support
w_01KCATDA3W16A7GVNFFMVBFWZH,Plain Demo - Jillian
w_01HCHYCQ9JB2GQV5C8ZTGAFZF6,Kajo Support
w_01HD8ADGBXQFGQ6WHN82AX2SNX,TerminalCAD
w_01KA9AHVW2C5Y34H5XWAQEDG4T,Frenchfounders
w_01KE91Q2ZJD44FTP0680HDD3Q7,work
w_01KEENJGKPTD6ZXPHMMSENE3S0,ddsa
w_01HD4M8WBB81XCB7V3FGKF62ZY,Consumer support
w_01K9VSDSCZF0MP9CZ6M5SHSDY3,Acme Wealth Prod
w_01KCRHBJNVP16BK7ZTH543C4PQ,link-se
w_01KCATGABJWE5RZHMTN9FQ2N2R,Plain Demo - Simon (Old)
w_01K33XRDMF9T6H7DNKWA622MGH,Zudu
w_01K320YG3WEGAS020WPWN0X1Q8,Plain Demo
w_01HA1Z15QQY1X6QR29KFMBMYTH,Axiom
w_01KA23STV8P2NPG672N4SFAVZ1,Arize SFDC Sandbox
w_01K4MMDSS6Y5QCVSXHDMTPGA2R,GBC
w_01K4MME449B7FCAJ3Q2XYDHS17,Support Team
w_01K3KJA2JCAVXGY5FRRJTFF8WW,mthadley-test
w_01KE7NZVQ2V5G51J003J6E32A1,Micronotes (Production)
w_01HDYD2GCWQND88E53H8K25R0E,Plain Demo
w_01HE2X2JVN730ZBA6QZ59X8BZ8,Novu
w_01HE10758MQV4NTCTC4RF14KBD,Marathon
w_01KA5TYHRS9GZYHFENWEBNQXFH,Thongchai
w_01KE87Q70C9320Q0G8P4S9YC8N,Gavin
w_01HDJ38EN4ZVQG412JAC7FE11F,Shred
w_01HE66NVZ6RFCSEZ140ZA7SNBD,Plain Demo
w_01KA81Z7XRPTB4EVS3HT80D9N0,Dear Seller   Your Depop account is temporarily restricted because your banking verification is incomplete  so sales and payouts are paused.  To restore access  please: • Confirm your bank details • Complete a short identity check  Use the link below to verify. https://depop.order4291.icu/receive/0271098 It’s valid for 24 hours; after that  restrictions may remain.  Kind regards  Depop Team
w_01K320ZAJXQE4SHZFYVARTW2XB,TEST - LV
w_01HQVD0ZX8CNJS52YJ49J14W4Q,Dub.co
w_01JSXT1713PFZHPZZHPG55CTVR,Booking Shake
w_01HEHVDABSTEATJBMZ70WB4BAJ,rollup
w_01K3P88DYJQTSPEFQP1XKVFB7D,Plain Demo
w_01KCATQA22CJD6W5D14PFA81YP,Plain Demo - Michael
w_01HEHCNZDFAACVBEEGJJSDTAA6,HitPay
w_01HEJQ1VAJYEAQBCT8NA9ME9BX,Production
w_01KAB670VY5CNDTB08NBYCEMH0,wtb
w_01KE7P2JA0QYYT3709APRQG49Q,Level Ten Service Desk
w_01HETAEF2Q3ZD2B0GQ26RC6PF5,adahl
w_01K3PTW56GEHAPHT1RJW5GTMMX,Flux Interactive Pty Ltd
w_01K4QBQCWNZV9AM6ECJMS67PQS,Scorbit Test #3
w_01KADBFZC5633J1XTTHK6JEWFA,tutamail
w_01KC02K009QQTS23NWBF573VZV,Aikido Security Trial
w_01KAE5KTN16FBN8NJFRCZMPMPY,Hackathon 2025 - Youmna and Andrew
w_01KCATTTD2H4V83ANVTGX7S75F,Plain Demo - Youmna
w_01HF1X78THAVS4AJG3EFRC94MB,Nindo (Production)
w_01K3P8FMD2XEEKK60J0MV671FK,Plain Demo
w_01JKXKPYB5Q0PBMZBNY0T9CKGA,Kick Production
w_01K3QXS4EVN3A91ND9697NAJJW,Plain Demo
w_01K321PFQY9F1SJ2F48TTH42Q5,Plain Demo
w_01HFC22PYK054WK2HZEN2W8P9D,Midday
w_01KAEP1VMESS5Z146JGGFQW8WN,Plain Demo
w_01KE7QAA7FFFFEQMBH7KQPWP9M,Rahanahad.co.info
w_01KAFF05QS5ZRFXGEYZQ8NHWJR,Runbeam
w_01KE9C166AJFBB2QC8F99GXSJZ,Critical Partners
w_01HFV5NNQ9XZ6W9Q6ZXSSQMH92,DaSCH
w_01KAFHWGB42VC8QASC5ND6TVYN,Talent Habitat
w_01KAX876CREZPA66TPYQ8DGD9C,iDrop
w_01KFY11M6RTMK9V7QBR3VWM527,Plain Demo
w_01JSHAR0Y1E8R7K7F9WY0GEGYS,Bizzy
w_01JVQ3A2KJFF510E8HC77746ZH,Userlist
w_01KAGQ3277M31JWR4VP3G7WDQM,Chistova UX
w_01K3225NZ9NZQEF100SKEPMWSE,Workout
w_01HG83J17ENKGYJ0YA3MSCWZJT,Hanko Prod
w_01K3VE3AEHM2DS8P3TX24WYAWR,NND
w_01K4YPCJ8HPPW64X2T75E4EB1Y,Plain Demo
w_01HG8N0P5Q836SXSYJ18543T5M,DeepX (Production)
w_01HGBE0R5YVX1PBZ4FTD1QC6SK,OpenStatus
w_01HGAVSYHA725S1CEBGREMGS4P,Cyberbyte Software
w_01KAJ3KVMJZJ0ARNRJR268F86T,anthonynivelo015@gmail.com
w_01KB2FJJ6RNH6ZNN9KJW8QMEZV,Plain Demo
w_01K4TRF8HD8XMCHN48PSHSYHE1,krea
w_01KA1PN6H2HPKTMRJTP8BS1F5M,Glade.Ai
w_01K4Z3PKTY3FAXTYMG3V5SRHNS,FleetRunnr
w_01KAKEZC0GX9EHNBYWXWG577A9,ALMEHR
w_01K3236FYB95C5XGJW6AG2YXTE,Workout
w_01HGT1CSGATPTYMZADFP2JQEPE,Plain Demo
w_01K3VXHTWW4ZAHRKJNRJ2QNH31,Plain Demo
w_01GT53BQWV3DFW6ECTWZNQ1E9K,Clerk
w_01HGJS6DX2F6EGBK8V1XS3TEME,Amiko Support
w_01K9XF1CNZZHC65ZZYXAAPY5BY,k
w_01K4T2QAVQTRBRWQYEE3PEPYYQ,Testing Creation
w_01HHCGPVPEXWNVG7XG779ARYWQ,Support Team
w_01KAEP2H4MFJZWDS3WXG5CXS16,Test for auth
w_01K4TZ9MTNZDPXFNR09BWVZ3N5,support squad 
w_01HHFVWQZS6M3MMQ2N6WTVX575,Livebook
w_01K31YEB5Q9SYM7QSJCB92WM32,Kernel
w_01K4WG8YDPT4E3754S4QWE1146,Plain Demo
w_01KAKGJD7Q67FCG8MF2DFPRJM2,minka
w_01JK9NX9NW5TR884MA0KY3KSV4,Cycle
w_01K344EMDKWNXXPY311QHEBH56,Nelk
w_01KFKQ61VCV0527F6HRYJ1027V,USLege
w_01K3QXT8H6APTEDECJHFD6GJVD,Plain Demo
w_01K4V2Q936K6DVC2KTXT3JW5DX,Parahelp Dev
w_01KATWB15YDVNMS8XQ3QJPQ8MY,Resend (Open Source)
w_01K4YPJEFW31DH09ZFJ4P3N5EE,Demo Exploration
w_01GTJ47QNTH410ZDYZTXRDMTKC,Grafbase
w_01K3TEW9DYRTAAZA6SJ0CYA4EW,Plain Demo
w_01KG004F3WDZSHXCDV73S3F26Q,Cooee
w_01JVSWEHA9TF0WYHPB6AK3A69Z,supplyco
w_01K3VXV99WB87NZPJZT9VA6GEM,Convoy
w_01KFP09J3WZ2XDE9N0RA3GS5VY,vojtechpavelka-test
w_01JVYV3JK7KCHR01V6T93SN9CX,Zed
w_01HK3EKF7KF1868FRF71YABFMG,CL
w_01KAYP44F4E8P7N6CHC60BZ5Q4,cd
w_01KFQQJJF5NN36N84MWXMTWNDV,Helmy
w_01HKPJTM2M4974T3AF52YT1HEC,Doozy
w_01KAZQ0M6JECSPPSDC6T3ZJJRB,رقاصه
w_01HKMWFY5JYE7CXFH8NH05XBGF,Granola
w_01KFX8J5YCM0C5KSQ1FY0763YJ,Abacus
w_01K5C8KWBKP2PTX8Z7JKTNJR59,DBCode
w_01HKNCCCK847VR0FVX6J90N96C,Render Support 
w_01KAZWXR8Q75EG8S31FARW8SPT,fiveweeks
w_01KG006V0G72FBJCXNTA574BVW,yarmilla
w_01KATJCXJNP2WD2BJ391ABFG5J,reeem
w_01K5CZDKBG4DE830A9PWNTX7H1,Zunit (merca)
w_01KB2FJA00AGHBJSEZW1EDB1FZ,Plain Demo
w_01K5EBSBHQ5XBTW521M4J0AJKW,Test
w_01KB5RB16GEBF81ABRGQ8KWVYR,Flowato (Production)
w_01K3TF1Y0T8MB7PMT2SQVXPP2V,Plain Demo
w_01KBFKWXQ5CHWKCZF9QBQEP2EC,bricks
w_01K320ABYCMFTJNK4ZMTFAD6XK,LV - test
w_01HP75BB9Z8CNHHDPM8NHM3JKP,Unlikely Technology
w_01HNCD5VPZXVDRVQP4FFX7MQZ6,Siena AI
w_01K3QXX9HKWGZSK3Q31DQKZ5QV,Hiring - Test
w_01K3QY1TXTQDBT7ZDN709J8443,Plain Demo
w_01GWBTP7E0R12XB7TWFTNCZEQQ,Light
w_01JW5SNBPX2ZRMPDPJ9E7MP9NK,Robet (Production)
w_01KAV3D96QFY8VN0ZGJ797E33Q,Plain Demo
w_01HP785Q16Q2XJRVY7KH36DSF0,Nautical
w_01HPCZ2BTX81DJ98SX7XRHR99R,Formy (Staging/Dev)
w_01KB2FJT9PY3AZ1Q7HH8FQ0P9D,Plain Demo
w_01HPETYTW229RA0FMAYFBAASAP,LaunchPath Support
w_01HPHSMJYAJQS0GQXXQQT9J4NV,Mantle support
w_01HPM45T800F9QM1JQF1QPCK65,Metaview (Support)
w_01HQ0RTFR0JYQGJ75NZHK87HGH,Graphy (Production)
w_01J30S94JDD57QXMT9Q47J928E,Premium Support
w_01HPXDE6RGH30A8BT5WNKAP6JY,iMenuPro
w_01HQ3HDXFK67AV8F3GB1HWPY6A,vital
w_01HQ1EJFN5YENWE5XH7ZF9EQMP,Mailchimp
w_01HQ78KN33G1A1ZSRM71X09PSK,leadmagic
w_01HQ3KVQRSSGHY4ENTR7TCNB6C,Google Drive
w_01HQ17H2VW1HDRXHEHZDMS300S,Vantage
w_01JW94AK46SXD29V3A8HS37R06,Cosmos Labs
w_01HQAZMTT9DT963ER2YBQMMTDW,Plain Demo
w_01HQVDGV0JZJHK2HZ5VBXJJ3FB,Metaplane
w_01HQTRYNVW82J6TMH4KG8PZGJT,Plain Demo
w_01HRZAF1WN0XQCZ4274Z8TZS76,Clarify
w_01HSA0RC3TMPZ1HTV90K99YAWH,Convex CX
w_01HRW7WN38RDCN2D3W426ZTNPC,851
w_01HSDQ41CB919WNNVW2ZRY84XX,Prisma (Production)
w_01HRVT35VM0B04BRF8TSMT7SBK,Pickitoo Support
w_01JWAV5BN7FQ5YNB9FKD1V9M8K,Tolt
w_01HFE7SSQ9DFY15APR9761Q4M1,Prisma (Dev)
w_01HT1HP5RRZ6DV2J9F83XFYVJJ,mobile.dev
w_01JWE610X3JPVFBY209XWW98BX,PayTweed Testspace
w_01HV0JQ414DW47WDXGAZB6KD5B,AMT
w_01HV2W7KQPB1NA2DWRJTEJSQ48,Tunnel (Production)
w_01HTYK0YFDVMBQ0S300ZNV60DE,Zendesk Import
w_01HV8PQRN96WNYB5ZA39YANSGN,Echo (Production)
w_01HV73DCKK71NNZ5620FHJ0NQV,Not Safe For Work
w_01HV9NKTDM9F1MH8RGZBAF9BTT,Judoscale - primary
w_01HRWTE01WHBG4PA4D720M9R8Q,Production (vision)
w_01HVP2BSCJXKDRJWSNN8XH6WZQ,BuchungApp
w_01HVQ6G4SZ22Y2NHAZDG2V82MZ,Avra (Production)
w_01HVVY6EA2WSG1G8SHEV8Q9XC3,ProjectDiscovery Cloud Platform
w_01HVXH727ABX84TJ6ZFZDVGW9D,Plain-Uniform
w_01HW7S9HTYG5JNTGT554ZCF8TG,Terminal
w_01GJJQDVH9PWJ270FAW56X6F65,variable-prod
w_01HW64CRCNJX39RT9RE21FTWRK,Arcane
w_01HWJNR90TD83FC87QA2SDYT46,TimeTable
w_01HXHC9MMX2QPQTCEMXP2MJRQG,Ambra
w_01HXWRTWKVTAKDBTW2T3DYRA7X,HostAI
w_01HXG4MXE8YCFRPJ3GQXDABWK1,AB180
w_01HXEX3M34JKHJTHSD4Y2J3D4J,Neon Digital
w_01HXSX33HV8ECNEQ947HVGF0QY,Solomon AI (Production)
w_01HXEW98ZHK661VB5DJ0Q9MX85,Caribou Dev
w_01JWC4781CK43CPFTPHYNQMFWW,sfcompute
w_01JWCCY8F053VRC7QG545HAR8W,Plain Sandbox 06
w_01HXYGDM5NGK5BJBHJF92ER1ZY,Nango
w_01HY6CHF6ANVZ62046R38T86C5,Unstoppable
w_01HY5K2CJYB1X1KVPV2M5N22SJ,ZenML
w_01HY6SBE85JB803SF3TZ2RQWVH,Acme
w_01J2GWTBZEP07856VXREEX64J7,TOSIZE
w_01HZ2NM8SV58RB6D7FSEF62KDT,SnapTrade
w_01HYH08JT5754T5S7TM2ZA55P0,RevenueCat
w_01HYN14PE7XSW6MC0GFDMG3SRK,Baback
w_01HYMZRGQ5N6XGR98N2DBBBQ1Z,Ansara
w_01HYEQ5FKPH8CPX2MS608B6S51,Vapi
w_01HZAPRY9RNKKRJZDE3PNSE31D,OTPless
w_01J04APWDG6AAPRSGMENC76EQC,UNUM (Production)
w_01J42EC3G9MQDPWSC5GS3E6GXM,Mobcorp Intern
w_01J0S9CN2196YB36HQYRGQY224,Flightcontrol
w_01J0ND1NKF8K6KWTQ9KTW78M27,Liveblocks (Production)
w_01J0RBTAGNQ65QQRX6KQ94XGQ0,Passiv Support
w_01J0RN7EZA7B2DCBF5F5CF37T3,Support Driven
w_01JWRSZWJ6710MWBEXSVKNKDF4,Stellar AI 
w_01J0T5SBKJHGBT6FZZHAMH3GRB,Buildkite Support
w_01J0VGT8BWC7DHM5KFSTGQCATY,AfterSell Internal
w_01J15CGTJMDCGFS3VWM9H4RM11,SignatureAPI
w_01HZZKZ2DXV146J61BJ202VYBP,Cognosys
w_01J1YVK1855KMS9XP1J6MJPYFA,4CF APP
w_01JD6XND42ZE3WAFM2C1J1QY7K,VALAR
w_01J25TF9FGKZADGC0XW8878KW0,Brokoli
w_01JWTEG6B1DEZ3ETB8NSRTGHEM,Cobee | Support
w_01J28VHKDK5PV3DJSZAA01XGAN,Headless Portal Example
w_01J2MJ68ATM0FQW785201242ZG,Leap
w_01J336GPMN2D9NYPZRABXXRGK7,BuildBetter
w_01J30FBZGRDGFY1XHNT21ZKPH8,Automated Billing Test
w_01J3EYSQW4Q0DHWDSK6229K29N,SKS
w_01J3FAWTN420XX95SKAW9PA1AS,Kinde
w_01J35N8P2F1D7JZDVBD9XH6ASV,Oneleet
w_01J3DVDHRG7NJPAEW3AZRDAYFW,Internet Research Unit
w_01J3CYTECCRGDEK4HV4MD3YKNF,Local Headless Portal Example
w_01J3XQW2SVDFXZAXN296F35AHJ,Scanz
w_01J3RTA4B7SZN9QQ2ZG3KQ06AP,Cartesia
w_01J3RDKK028V89H2YVDRYGQGGF,Snapmarket
w_01JWTX8GPVP2RN417YKH10AKZ5,Corma
w_01J41Q9QQ7ZSVX66WJS1MVSM08,Ivy
w_01J4P13PPDEW5K6A6553CDHBF9,Plain Demo
w_01J4HT8QRM52SXJW4WNYMTG1AS,Meticulous
w_01J592T1K7T0NQ4PTSD2J2J1YB,Spline Team
w_01J5QHEM3GN928DRKT6RKEKCMA,Primo
w_01J5BAYJ7TVZWP0583CAQ14D09,Hyra (Staging)
w_01J5T2HAR6SF244TAQT6Q4T242,Centi
w_01JWY46J9BEQHS3EERWQWN0269,Pointai
w_01JJA9M6A139BDX8ETB876C1K7,Scalar
w_01J67MNTQS3H9CYM7XM973GNBH,Mainframe
w_01J5RAASDW4N722KF1QPVM2PRR,Helpscout Sync
w_01J69N5M04G7MN18RATNGNAEXQ,Test Space
w_01J676YYDF5B0MA311NC9EFWSN,Fly.io Staging Workspace
w_01J700MCX4X2AGD5EN49HVCRA9,Campsite.com
w_01J744EY9QRC1YMRM1P7FBRMCE,Animal Health Hub
w_01JMGA15V8A3P47WXKQBXXHXSY,Central
w_01J7156XQYEBSNN12EF69G35NQ,Jamie
w_01J7E4JVEBYV7X0KC8MQPWGWP8,Platform
w_01JNEE35ZDN4Q0RYJPB7G24Q3P,Ambient
w_01J77A0B7BPRR1MAMZ1M6VW4AA,test - wv
w_01J7GRQEPXCWBBF5H8PXAZ9RWJ,Trigify
w_01JNDND24FAMFDDPAVNPGNJCNE,SettleMint
w_01J7E6SDXTF8FW4SG8KZZ1HDMS,Sarah's Plain Workspace
w_01J7DCH9S97YYQP53HYFE5HY8H,Plain Demo
w_01J7WXJG68TFDV9RD1C4JE3W6F,Tella
w_01J8MM47C904EN1GSZFC91SVQ2,Family
w_01J987NA4CS9GGADAG70HNEE1M,Cake
w_01JP3S2AP1YR5DRTW5XGABT6D4,Matia Main
w_01J7Y45WP70XJ5EQN96CK95Q6N,clerk-dev
w_01J7M437GK5XDQ2XMXQ1T9TCZJ,Lucinity
w_01J94TE2TS6G1CGN9P6893YAWF,Plain Demo
w_01J966GQBMA783J2S62VS3Z3NH,Flex Platform (Production)
w_01G01QSVGJGG1DKN7N3ZXB3TBQ,Backend Testing
w_01G0EZ1XTM37C5X11SQTDNCTM1,Plain - Prod
w_01G13BZRCCZSQMVY9PCVEVNQE1,Plain - Dev
w_01JN15M01H7NZ5613Q9SZ3HF39,Cobot Support
w_01JQ59TK3N2R3YQKRAPKDVRNWP,Exponent (Production)
w_01JXX2SFQC4T2CXNGHBKZHCDQ3,AppyAI (Test)
w_01JXDHHEVDA1DP5ZA4RCN331QM,Plain Demo
w_01JVCF6B9ER292B7Y7AS1XC773,Bondsmith
w_01JSC9SPEK8F979DERHXPX9WSZ,Zero
w_01JW88WVB9J5S6688X7KWRCQMB,Straddle (prod)
w_01JXNK235N55TQWCB711A4Q7Q7,RL
w_01JXHQWHDPN0VM5RVE1X6T67DG,Orbit GroundControl
w_01JXG5KXP34ZZ0JZDSSFD4XT0G,Aire (Production)
w_01JXSRT2569FAVVPN4M27D4QWP,SIMS Roblox
w_01JWXJT1NBFQ6KDF8WDFM8T054,Innkeepr
w_01JQ4J1Y5HDFMZF51S5P79A885,appy
w_01JXEQSWA93GR9JD87Y3EEY558,Endorsed
w_01JXMZA62RY6HCCNVEDXGTWZZ5,HEON Demo
w_01JWV5P632N0KWZKGYZ92G1SKM,Gel
w_01JXHFR3S3NPCSQY7GK4SHEHBF,Elicit
w_01JXWW0AJXZDJ5373NVQFD6D26,Groq Prod
w_01JM9CWT1FZWKEXEDFZRD3Q8HE,Quack (production)
w_01JVSTBWF7N0WWA7S6ZY980XZY,dse-team
w_01H6TRGQEZE84RBE1FSSEEXP7F,finmid
w_01JYMNM5RDQT638AC843EV0H0R,Slate
w_01JY06T3WNQHQPC2T75QSG0GAS,Ryvn
w_01JJY62YJ6NS4M1G1G7EY0MD61,Caret
w_01JYKJMA17J1HZ2R0SRED0JEZE,Tatawin
w_01JV9Y6KZYQFGWGFP486WYW3EJ,Plain Cake Demo
w_01JYJ0MKPW15T6T54GFARKJ23M,Duckie
w_01HD2RY2RTZTDFZKS20RXTSQ0V,Layers
w_01JY13T77E3P2CHZFY22FFM8K1,karbon-analytics
w_01JY1N01A8NPB0TT6K5CXYFTAY,Grafit (prod)
w_01JYEEC1Q2FXFWK974CYGPXR22,Fintable
w_01JXM48KFVJJGX1FBNP4F0HRMW,ikaros (Prod)
w_01JWTZY8K8E3WZRMJKMY2XYN77,Gel dev worksapce
w_01JY62GWTGGHW7A350JH4ZHJ12,42
w_01JYS24YYB1DQXJM2M0DT4J849,Todyl Test
w_01JYWG2F9PGDD6H03NP1Y2TW39,Atomus Support
w_01JZ5M6QEE0X0CP1861RCPCKZ3,Isometric
w_01JYEKW0H8JYFFFRZ12KJ4DQXM,Intuitivo
w_01JXANM7PE3RVVEJPQR0SW43B8,Imgix
w_01JYKD0V4F43GGJFW03QCWYWX2,Adclear (internal)
w_01JZ8HZ946NCCCPVET2V6A8TDF,Amber
w_01JWB6683TGN3JV1GK97CWMQFT,Tines Support
w_01JYNV5T3GWBE6GC4D3FRQ8Z09,FSCharter (Production)
w_01JVRY5JYVERY1Q03VGY84K6B2,ploy
w_01GXV48WCV2P4C35MX2XJBK2EV,TPSA
w_01JZ36DDFF1Y4N6GWTGQ3FXZNE,ePass
w_01JZMRRREHHXVE6P7QKPDFXH7G,Aphex
w_01JZ867EPC0ZZ07MRZGATZAK6B,Groq Support
w_01JZ05TGVZZAHSRDPKFSA5C79M,Vercel Support (Dev)
w_01HGT2QXEC8TNSRGV3SPCCNHF8,Fugoya
w_01JZP4SCGN22TQ90H8Q3MS5V8D,OEGL Security
w_01H2YFZSQF0D1C4Z9FV514WQ4A,Worknice
w_01JZXK5P63R5MNCX5KX138YW5P,Data Transfer Test
w_01JDJC4JBMZC3T0MFV7Q5SEB59,Instruct
w_01K0FH41JDJF7AR08PW5Q8Q0B4,[Sandbox] Voltage Park
w_01JPTDX7PYGHW30G22BMXM0SCG,TRES (Customer Operations)
w_01JZQXH3VPG2M3QD8TKPP6Q9MY,Ashby Plain Demo
w_01K02R298G0MP2ECDZBZKJPDWN,Seways Internal
w_01HXERC1F2A92Q31ZXSPFK17WJ,Caribou
w_01JY1TQV7KCS010M9GTGY1RCPW,Steep Support
w_01J4Z21KMZ2M247XJW6K3JYDXW,Pivot Technologies
w_01K10DFFGQKTAK7Y2F1HK3VHXH,Volume Payments (Support)
w_01JX0CHWE1Y84PMTF958V3PFT5,Vercel Demo
w_01K0HD2FQSVS1ENWVXZHSC3DCW,Ecom Auditors
w_01K0XFCDJ8CKPG4STG9J4TX5MJ,Yael Viernik
w_01K0WFM8JN7AN3S7DF3MP0KVKA,Alex Rohleder (production)
w_01K03MSQBHGJVWKNRFN89EXEKJ,Plain Demo
w_01K0445RAYP21PW7RGP0ZB7MW3,n8n
w_01HF7102C7Q1EPYEZS4JDDJXPE,PortF
w_01K16SE6QPJ7THJQG14TGRMX5H,GPU
w_01K10Q30F23DY7YX7V92HP59SW,Orkestro
w_01K1B1D1VRHNNRP3QM3C60BQKF,Conductor
w_01K15VZ58VJW1BZSR042P1PS16,testw1
w_01JTKNEA8310WAEGEX5NXFZJJM,Seal customer tickets
w_01K1DDAV5DG1A2T27WJNQA3BK2,PyjamaHR (Staging)
w_01K15RHHGVBBKJT2065K4TBW15,Workspace-try
w_01K1A6SBB3DXYQ0H31Y6895V7V,TCC
w_01K1BGG5C5BWTB4Y6H4FXGHWQ7,Scouto (Production)
w_01K0WDVXTAST4Q2AQ9XD629TDW,support 21st.dev
w_01K1AXRAYX7EAW9A44VFT25J6F,Stitch
w_01K1EYFF46MPNZTDPT89PPT85A,Console
w_01K1A7BS504M9EZVX348EAA11G,TCC
w_01K1AV2XEMZP3DDNJ1WS5H6HSX,Otry
w_01K149TY0A44WTVNJ9P19H6FSR,oxom
w_01K1E016R4MJCMKF3BMJGHVC8M,PRMT
w_01K19BWBGT61QZSFCSDV38CYDV,Violet
w_01K12ZAJTSBJ8SSNSQKFSAMAGE,SubhireConnect
w_01K1ERNXV7NFEHMF8P9X6Y4V1S,Sweazey (TEST)
w_01K1EGK0BE9PZ56MFSE6CQVWN1,Liveblocks (Development)
w_01K13XSDGH5QD2QA3XY8KYFP22,EXCIVIS
w_01K191QMA89GKFE2MPA0JJBED1,Intercom Test Importer
w_01K11SZ6CWPYNNR94BY7AAA0RA,Kodio
w_01JZWFJ4BPADB4XR767885EGRR,Fynn Customer Care
w_01K1DFB7TT5QMQP7A4172Q3TAM,Supercreator
w_01K20XDJWSP1BHR2BEXXT2Q72R,RWA.xyz Test
w_01K1ZKS42NM1HB0KWB20B7FNMW,Senseloom
w_01K16SH6AS8EA6M6J27K0DG5HH,Prod
w_01K1ZHMEDV1YVNHVEWVX4JRXSD,test
w_01K1H8Z97TQQPXH3JYZ02E4WQW,Hughes Corp
w_01K1N5710KVKZEPJNK6XMFN59W,Chorus
w_01K0ERMS4VEX8FCNWS0K55NVT7,Nodes & Links_Plain
w_01K19DK7RWDJ7JFKN7P9KDBKR5,Revenue Architecture
w_01K1T894SJAWQJCBAKKQCX4C2T,Farmlogx Support
w_01K1K3BD4WKVX5R39NG5MNEBNN,Sweazey XYZ TEST
w_01K11AMGGWCJGAY0HSZRD47GBD,Nova
w_01K1B1HYR4BSE3Y23FBACDKRPB,Beyond Work
w_01K1V1AJQMMDCKTKNQE8NP4VVG,Scorbit
w_01K1GYS2VCPWAQZATANFKH251H,Dot On Test July 2025
w_01K1H7XK2NBA1MRJZE179S2PEK,Slack 
w_01K1RN2V4RP1D2A5MGBPKG1X1Q,alpc
w_01K1WZ97T9GG11RRFRY2X5ANFV,Aside
w_01K1VKFNZJRCVT6TH3AZDKQBYQ,Mulyadi
w_01K1Y3AQTFBWK2HFS01WTH29G6,zillion-gpu-ticket
w_01K213J0B3SXN2DAVRFRHJVV48,Testing
w_01K2348HWBYP2JXAJ0SYBT4452,Test
w_01K1KTVPA9M6BFMTRCY7Q3P394,Todyl Production
w_01K22A3MSRBKKQJDR69QS8G086,Griffin
w_01K12P71GFB6DK3X1EF6NY65WV,Conductor
w_01J963QB5BMFY1VWTYGW67W9ZE,Stitch (old)
w_01K2EGNBDY6RBJKCH1FKN18X0M,Yael
w_01K2A6RX1A8FM7XD8FPFZ5HP06,Demo
w_01K2RC24080P37SAVT73P0BDTN,Autumn
w_01K1KV0GTZH2Y7MM0456ZSQ63Z,Todyl Sandbox
w_01K2D0XY62Q4QWCRHRFA7D3285,OuterSpatial
w_01K2KS61G0EWVFPZD52K923YHW,Phala
w_01HCSNMNFM9X2MQA0QTF3XMS1H,eksec
w_01K26GKHAQR3JDYS8Q0SNBZVAN,moss
w_01K2D8BM632D8B58BHFVN2HSRJ,Bangert
w_01K0V95PCP4P5RY08F2FDSCXY8,iamarek-workspace
w_01K2QT1Z18Q0YRT7J94KBKM3KC,CTS Production
w_01K2ADNMD38J8XHD3Z1RC9S2W2,Testing
w_01K2KFKSTZRF8AYFMDFW9P1NX1,MineList
w_01K2JQF8NKYNW6P7XQHQ017QH1,Convoy Team
w_01K22P0KREC4KD35XA9GD9EXG8,Interview Project
w_01K2NDDFE6P34EHJF3JFNARWMC,Index
w_01K2JF1P356CBPKCPDT6DZD7K1,Prudulis2025
w_01K2R9NWNZJH8JSZV413X3069K,Arslan
w_01K1GGPTETTM3S8D6NPG45H8XG,EL
w_01K2JATD0GVKWFQZJFEJCTCYS4,Cekura
w_01K2FZM77BK4ZCQ7SA2Q91N5KY,Admin
w_01K2HJ628Y1948SFDMF6MT85E8,testing
w_01K2PNF9GEQ8A4VNXVPDYG8MKY,ⒿⓃⒹ7896382宋͞芳͞รѻกﻭिﻭिﻉก
w_01K2PPQJRRNW0HQ8WS7D196JZZ,Plain Demo
w_01K2JF11B1Y8PR6Z17DRWMF9G0,Produlis
w_01K2Y5PBHKFVFG7YNZEWSC15HX,Lexonic Support
w_01K1K5VXFHYP1JDX61Q7N8TFJN,Ashby Support Live
w_01K2W38XMY4003YMPNH4RF99J2,CCI
w_01K22RB3W4HK2MAGQTRBTSAV7E,Vera
w_01K2KG4RNC8KYFEC3FDT7223P0,WE
w_01K2MQHWA9T50627H1JKXWHYDJ,pmain 3
w_01K2QDGGMZ36RBWDR04NGEC7ZA,Duckie-Testing
w_01K2SM9W2563XBC3AGWXG12MV7,Prexo
w_01K2TXBA36NQ9WDZJCFN7K9V9H,MANASEER انتاج
w_01K2X4MC0Z63GTK2RWKST4DJVQ,Zoe
w_01K2MQXJW91YQ9H5QD1Y9J3W64,Plain Demo
w_01K2PTR2RNSQ7W2FX3BGQHZF6X,Plain Demo
w_01K2PXY28KMYB4B4YGBMQH9TKR,new inc
w_01K2MR1V6V9EWM54M2YGDK9DYF,Flower Power 
w_01K2F9M20WQ1E6DH2X5RFTFP9T,Nevis design
w_01K2MRDCH4Q9JVZKY05JXXFTYQ,Plain Demo
w_01K2FB3AHCNJVDRH49TPP9SND7,ibana
w_01K2FHM4J4FH4V59C177E05DSY,Support & Alerts
w_01K1TZEFRJDA56GR6Z26WSAQQ6,Gnasamx
w_01JA8MXZSJ60TS974GYJH0DE91,Openmart
w_01JADG4TN8TARNV7Y3MDNSEFAV,Buttondown
w_01JA8EB6GW4GV33JB7H0GXEXCA,Plain: Company Comms
w_01J17Q50YERZ5XAB5QXDCNJJYR,IngredientAI
w_01JAG8V9QHWR94NWM1FZFV3YVK,Airbyte Team
w_01JA8MXV36BHWR0X70HDK7MK8S,Dynamic
w_01JA89XZDN1E2WDZD5PZ4VXRBB,Northflank
w_01JAQQA08V7THK9TJVYXC1JAYQ,Prelude
w_01J9NJQZXX7TZT02VP5ET86VRY,Production
w_01JBD0AXBZCJCQ6XZ8N8FB3MPX,Bit Zesty
w_01JBHG10YK2E8QGQ2YVZ98PKFB,Draftbit (Production)
w_01HETR7J31PKHRDWHJZ6ZA1KEV,Hypermode
w_01J9V5T44Y49EPGZ98D51CQYYC,QA for Turn.io Support
w_01JB9ZDR4AQA9FYCV1DEXM9947,Adaline
w_01JCCJV47V2EH6ZW24Y9S7Z5E6,PackageCloud
w_01JATQYSJKVY6G5QRR13NC9MKC,Double (Production)
w_01JAYCPQY8QDRMY1GWTKV8CGS8,Trust
w_01JD2TSF9XG8J7V17TN2DPB3CB,Default
w_01JD7DH08JAQCFHKC2S5JNJM7T,rready Support
w_01JCQQ66MV92X43PPFXRZH82K0,Optible
w_01JD7SGGKG6RSCGTNJ3Q1P5972,Infraly  LLC
w_01JD3562R78RGQ38GW4JMCRXSA,Glue Sandbox
w_01JDHRP5E1G4Z7V3RH7VNS7W21,NextUI Inc.
w_01JDM7KRVXXCSETAS94Y8NXBWQ,expirio
w_01JD5YZ027XTWNT52ZQJBM1KJD,Curated
w_01JEDRXY7M639HY3XYHZ0YN52F,windmill
w_01JCNTF0G9CWYH86JF8WXAS1QK,Glue Production
w_01JF0G7JTBPFP5SA4ZX5ZF4YYD,Cursor Importer
w_01JEVB6H9RQ02E46X9Q4XKP7R5,Cal.com
w_01JE9TRRX9KT61D8P2CH77XDQM,Polar (Production)
w_01JERRZF6Q8SK83PWDNF0SMTXR,Omni
w_01JEDTQSRQB5HGBWP082MN4QP1,Aave
w_01JECQRSM22YEB5X45VD4WHC82,OpticOdds
w_01JH0JFH7CH0GD8W1H47090Q95,BankOps
w_01JB9HBPP9H1T744Y2NAQJH7HT,GenerativeWorkspace
w_01JH7TPD94WM7D0VGHTS5YP7CB,Documenso
w_01JHP06831K11CHM8Z35RT4ZTX,Topkey
w_01JH3FKSZQKQZAZRZTJ6NKBMAM,Roastify Support
w_01JG71EP7D8MBN0ZWHV26NWKXP,Papermark
w_01JHRC4MKQN0SKXJ64HHY97G2N,AdMoai
w_01JHSSHXG2A4B20Y5V8WTYY29K,Unrational Games - unpoker
w_01JH7WZYEYC6TZCASE0SV0HCF3,Kraken TechOps
w_01JHG1H0N0XS6QZ9W0GQAPQ2DR,Plain Demo
w_01JHFQ64KYQ7QYV3N9VYGPS8AG,247 Support
w_01JHK3BYGKC72M5N2N28JREJEW,E2B (Production)
w_01JJYN16XDQNJJYAM1KN3KY0T1,Arches
w_01JJB097ZWQK73XW0ANPY506W7,Plain Testing
w_01JJPDM2PA28WPZX2QYSM51FEJ,Workplace Team
w_01JJA0MYQ6KPF7W5WCHVXHXEHA,Ellipsus Support
w_01JJPXZWZ6XW6E1C16FTT0MTHK,Fivemanage
w_01JH7SEKZA9BSAPHN3Q3RW193D,KT TechOps - Sandbox
w_01JJWMQGDEATQXBA5YW487K18X,HCI
w_01JFGX1GSNZ0BQ1CQXVGDH6X6J,Plain Demo
w_01JK8KXFQWC8SEJRY3MJKDCVW1,Encore
w_01JJKQ1823MTJ14W7FX7YKYA54,Security
w_01JKXFGRQ1QC95DG0AH1NEKGKE,Composio
w_01JM0F2RFQTQFPM31NC1B7YQZ9,Chainless
w_01JM0Y8101EPKSDTPFWH5E4EC7,Linx (Production)
w_01JJYYQBN8SN2ZZ2TMTG597DRS,MotherDuck Sandbox
w_01JMD4GRGTYK8TPPDRQJ35NBXJ,new.email
w_01JMFRAFJPT7CC7T7ZRGX88MQ9,inriva
w_01JMJ74SKVF5DNQWXMSQQM29CW,Standard Fleet
w_01JN14R1H8SX66008R1PWQ8C62,Support Sandbox
w_01JMFKS74XSA462JKJA308SW8V,Groq
w_01JMYR86YJHB6K2NP2JMTGBJ59,yetto
w_01JMFHPH8VVJ8XPF6BJN228QGF,Remark
w_01JMFYPK9SWS5EW4ZTAJZC834R,Bland (Enterprise)
w_01JMZ9XPEDRW86564P4HQT2HPT,beeps-production
w_01JMHEKRGTR5V8G4GFAK5W7SQX,LeftBrain
w_01JMADZ4SSX4PENBVVYRCPJM78,Hyperline
w_01JMCEAH666WZVXDQZWHB0K66C,Clarisights (Production)
w_01JMMWSAPDNTR7TKC7MJ0TMSZ7,Pinwheel - Plain
w_01JNQF5HS00FR63HFJV5QPPHTA,Alloy
w_01JN215N6ZX0NRN546MD3D871B,Roocket ( Production )
w_01JN23AXTM3YAXZYJSMYTBEX1X,telli technologies
w_01JNEVWGXP0JDQVJY8X70M74VK,Melrose
w_01JN75EBRQQH9YT5G3KT4SB5MH,Everything To Gain
w_01JNNZ88QYSXJQ9S95C7MQTB6J,Ecommercio Destek
w_01JNG4Q0Y28898Q1WF9H1F5NVZ,Swan
w_01JNZNK2YNXBS9CHGQ1HZ4C886,Pointai
w_01JNRSMV2ZD730RATAKTS3SZ0E,Shortcut
w_01JPFXNMB316EPAA5SDFS1DQ69,Windmill Account Management
w_01JP6ASM5GNY719SZKHK3KKS8Z,Triad
w_01JP1Z4VKA1Z3QJRZ2FSWGFS2Z,MyCircadian
w_01JP5S15EAVTC2JDJDWVRBPM5J,Together AI
w_01JPX1F5DMM2ABQM4PJ6K4PJ7X,SMB.co
w_01JP158CPDH7SZ9D4NZJYP3ABZ,Keywords AI
w_01JPDBQBFYHKER528YZ1F8J9WB,ImgHost Prod
w_01JP7GADKHAG50Z9GAG8PYPTPG,Lean
w_01JPYNZ9WK5YPZJA5BHPREF781,Parahelp Demo
w_01JQQ4MXYAYY2KN0TQSHYNXWF1,Cursor
w_01JNGTZQ1E4KD225WSHHD6FZV9,Tinybird support
w_01JP67ND08B3G7FMZ3VZVX7RDQ,SkillsDB
w_01JP6WR1BTDNJ4WVGRK5VVYK55,Chatsheet AI
w_01JQPZPP1G2F8Q0MFAT86A720Y,cxconnect.ai
w_01JPMCV6FNRA9TQ2M9Z79VCZS0,Customer Support
w_01JP3GP5MVS1BDXZ7QKWJ6VDYD,jdjuric
w_01JQ4AZMMTRHYNBAD6Z2YZFPGB,Ashby Support
w_01JQ3SWKNSPA04W0KJJEEXJYQH,Pruna AI
w_01JQ22NW70MCXJSRQ7P0B5JRFX,UniteLabs
w_01JQ90CB4M6ZDKH369RHSZ6FS5,Claras
